datetime,evap_mm
2025-08-01 21:00:00,0.07308826274379498
2025-08-01 22:00:00,0.08092454123320181
2025-08-01 23:00:00,0.09896548574198505
2025-08-02 00:00:00,0.13133423223979435
2025-08-02 01:00:00,0.1157363690104205
2025-08-02 02:00:00,0.11159084727509594
2025-08-02 03:00:00,0.16174369754330087
2025-08-02 04:00:00,0.08380594333780778
2025-08-02 05:00:00,0.14422258684558642
2025-08-02 06:00:00,0.21220112078879083
2025-08-02 07:00:00,0.16991703737591024
2025-08-02 08:00:00,0.1395219370255063
2025-08-02 09:00:00,0.05745047523490143
2025-08-02 10:00:00,0.19903267217009102
2025-08-02 11:00:00,0.2268600988093965
2025-08-02 12:00:00,0.23391139688871476
2025-08-02 13:00:00,0.3103904098862813
2025-08-02 14:00:00,0.2245410424656029
2025-08-02 15:00:00,0.458041220970415
2025-08-02 16:00:00,0.3041446791852991
2025-08-02 17:00:00,0.2722804457612824
2025-08-02 18:00:00,0.2605696709352969
2025-08-02 19:00:00,0.0534814645728261
2025-08-02 20:00:00,0.129856640899078
2025-08-02 21:00:00,0.18736971967982186
2025-08-02 22:00:00,0.2394427617129793
2025-08-02 23:00:00,0.14892974479590748
2025-08-03 00:00:00,0.12474454869621354
2025-08-03 01:00:00,0.11959529684358472
2025-08-03 02:00:00,0.13349074777761416
2025-08-03 03:00:00,0.15227971109459304
2025-08-03 04:00:00,0.1336926480136924
2025-08-03 05:00:00,0.13635597978441183
2025-08-03 06:00:00,0.20552864496087864
2025-08-03 07:00:00,0.21585393459019997
2025-08-03 08:00:00,0.1355971309812105
2025-08-03 09:00:00,0.16967560507939083
2025-08-03 10:00:00,0.20574671000062494
2025-08-03 11:00:00,0.25330241469558246
2025-08-03 12:00:00,0.26252331564401743
2025-08-03 13:00:00,0.2676923669826863
2025-08-03 14:00:00,0.2248398232680131
2025-08-03 15:00:00,0.30059487996609846
2025-08-03 16:00:00,0.29845610908887465
2025-08-03 17:00:00,0.17738234023582322
2025-08-03 18:00:00,0.2136481963118797
2025-08-03 19:00:00,0.17363537040409938
2025-08-03 20:00:00,0.0741285761183974
2025-08-03 21:00:00,0.02954103429030397
2025-08-03 22:00:00,0.06817029371370609
2025-08-03 23:00:00,0.01757508485579251
2025-08-04 00:00:00,-0.5384875204393893
2025-08-04 01:00:00,0.010532532904392156
2025-08-04 02:00:00,0.06925498252061857
2025-08-04 03:00:00,0.04225758035178728
2025-08-04 04:00:00,0.04400319665140273
2025-08-04 05:00:00,0.044699588788006395
2025-08-04 06:00:00,0.0445779776910058
2025-08-04 07:00:00,0.04419838121577868
2025-08-04 08:00:00,0.04419820937451391
2025-08-04 09:00:00,0.044198214108007505
2025-08-04 10:00:00,0.043964296843597594
2025-08-04 11:00:00,0.044739919964285946
2025-08-04 12:00:00,0.04401354262870427
2025-08-04 13:00:00,0.0447522314561013
2025-08-04 14:00:00,0.04398891966729934
2025-08-04 15:00:00,0.044161280394206415
2025-08-04 16:00:00,0.04477685441648305
2025-08-04 17:00:00,0.04393967374599583
2025-08-04 18:00:00,0.044296706678721876
2025-08-04 19:00:00,-0.004110832323021896
2025-08-04 20:00:00,-0.012132067897283605
2025-08-04 21:00:00,0.08883240695701033
2025-08-04 22:00:00,0.10817157473468342
2025-08-04 23:00:00,0.10985854933440464
2025-08-05 00:00:00,0.11525235797211053
2025-08-05 01:00:00,0.12923410911497513
2025-08-05 02:00:00,0.0937650021517129
2025-08-05 03:00:00,0.07463673608080512
2025-08-05 04:00:00,0.09295900354749165
2025-08-05 05:00:00,0.15903772612441003
2025-08-05 06:00:00,0.12868794165970598
2025-08-05 07:00:00,0.16739214740647412
2025-08-05 08:00:00,0.11226406700220082
2025-08-05 09:00:00,0.18337555346582235
2025-08-05 10:00:00,0.2141521576824914
2025-08-05 11:00:00,0.17669565599979364
2025-08-05 12:00:00,0.17719625683150753
2025-08-05 13:00:00,0.18566037035338923
2025-08-05 14:00:00,0.16197486458861476
2025-08-05 15:00:00,0.2656756427466007
2025-08-05 16:00:00,0.18352161851098003
2025-08-05 17:00:00,0.2768603070482243
2025-08-05 18:00:00,0.26540081550388095
2025-08-05 19:00:00,0.021893939174503885
2025-08-05 20:00:00,-0.04528021144238892
2025-08-05 21:00:00,0.12162600114970701
2025-08-05 22:00:00,0.14178151618867219
2025-08-05 23:00:00,0.14525181023842038
2025-08-06 00:00:00,0.13019966839979702
2025-08-06 01:00:00,0.09449022801749152
2025-08-06 02:00:00,0.08549972331519484
2025-08-06 03:00:00,0.08051644570062422
2025-08-06 04:00:00,0.09300829356467943
2025-08-06 05:00:00,0.12967780697360354
2025-08-06 06:00:00,0.1658822708496075
2025-08-06 07:00:00,0.18566603735879994
2025-08-06 08:00:00,0.09964928627920244
2025-08-06 09:00:00,0.14454996149387966
2025-08-06 10:00:00,0.17064317530901008
2025-08-06 11:00:00,0.24207847018061557
2025-08-06 12:00:00,0.30293409656928816
2025-08-06 13:00:00,0.29622495094019996
2025-08-06 14:00:00,0.2826088020919997
2025-08-06 15:00:00,0.37418288107249964
2025-08-06 16:00:00,0.38993872964249476
2025-08-06 17:00:00,0.349899606520097
2025-08-06 18:00:00,0.2738313012762035
2025-08-06 19:00:00,-0.016810306066190606
2025-08-06 20:00:00,0.04405133883599888
2025-08-06 21:00:00,0.11762635083988471
2025-08-06 22:00:00,0.13679295139232295
2025-08-06 23:00:00,0.14201597539999966
2025-08-07 00:00:00,0.12352763657759169
2025-08-07 01:00:00,0.1321368156444862
2025-08-07 02:00:00,0.13426112984851102
2025-08-07 03:00:00,0.13064601291691247
2025-08-07 04:00:00,0.12968049831877693
2025-08-07 05:00:00,0.15495063110680007
2025-08-07 06:00:00,0.3418862593240988
2025-08-07 07:00:00,0.16604907182352235
2025-08-07 08:00:00,0.13348020711748632
2025-08-07 09:00:00,0.0825917921399082
2025-08-07 10:00:00,0.20476144339500024
2025-08-07 11:00:00,0.27229117835429406
2025-08-07 12:00:00,0.26290422992369145
2025-08-07 13:00:00,0.4018509771931065
2025-08-07 14:00:00,0.28586268242031565
2025-08-07 15:00:00,0.34534132729427824
2025-08-07 16:00:00,0.3002416177707232
2025-08-07 17:00:00,0.2984692155504831
2025-08-07 18:00:00,0.1939502747804056
2025-08-07 19:00:00,0.08215042699208652
2025-08-07 20:00:00,0.20131231162631025
2025-08-07 21:00:00,0.06870491836551196
2025-08-07 22:00:00,0.21476139849730203
2025-08-07 23:00:00,0.21332229215997245
2025-08-08 00:00:00,0.056090730828202595
2025-08-08 01:00:00,0.11459340278491936
2025-08-08 02:00:00,0.04191273974529963
2025-08-08 03:00:00,0.15055186162589962
2025-08-08 04:00:00,0.1064145680340971
2025-08-08 05:00:00,0.16895266517110485
2025-08-08 06:00:00,0.31682844574689284
2025-08-08 07:00:00,0.17647457581750814
2025-08-08 08:00:00,0.16434477631497657
2025-08-08 09:00:00,0.23468653551722696
2025-08-08 10:00:00,0.02746890488549525
2025-08-08 11:00:00,0.46737000552968766
2025-08-08 12:00:00,0.36809292678421457
2025-08-08 13:00:00,0.32707667698269915
2025-08-08 14:00:00,0.45546008875339794
2025-08-08 15:00:00,0.3976639187297053
2025-08-08 16:00:00,0.15747263221609842
2025-08-08 17:00:00,0.38519903464828076
2025-08-08 18:00:00,0.38917444119431366
2025-08-08 19:00:00,0.053329181828502215
2025-08-08 20:00:00,0.11416705875058142
2025-08-08 21:00:00,0.14689586744870553
2025-08-08 22:00:00,0.15334059400089473
2025-08-08 23:00:00,0.1007519989095158
2025-08-09 00:00:00,0.17827908761560707
2025-08-09 01:00:00,0.16928104381028675
2025-08-09 02:00:00,0.12041387705130546
2025-08-09 03:00:00,0.12795458870709808
2025-08-09 04:00:00,0.13537566173860682
2025-08-09 05:00:00,0.18079370720829502
2025-08-09 06:00:00,0.09513765287778142
2025-08-09 07:00:00,0.09726022202480067
2025-08-09 08:00:00,0.09128276669500224
2025-08-09 09:00:00,-0.011445327684100448
2025-08-09 10:00:00,0.08768586345510698
2025-08-09 11:00:00,0.20706339220149061
2025-08-09 12:00:00,0.14370746908511478
2025-08-09 13:00:00,0.17581789359709887
2025-08-09 14:00:00,0.17237424151011282
2025-08-09 15:00:00,0.3053809111159751
2025-08-09 16:00:00,0.24175184943140948
2025-08-09 17:00:00,0.12975669398949208
2025-08-09 18:00:00,0.1262537229434031
2025-08-09 19:00:00,-0.033321994021093815
2025-08-09 20:00:00,0.03814706604819662
2025-08-09 21:00:00,0.09636114803231521
2025-08-09 22:00:00,0.1969993517973876
2025-08-09 23:00:00,0.12930851694801504
2025-08-10 00:00:00,0.10422432336247311
2025-08-10 01:00:00,0.13825254861831127
2025-08-10 02:00:00,0.0597625706724898
2025-08-10 03:00:00,0.07433471710680806
2025-08-10 04:00:00,0.08433575276629313
2025-08-10 05:00:00,0.10749386545290918
2025-08-10 06:00:00,0.12200571068319732
2025-08-10 07:00:00,0.2459726305329184
2025-08-10 08:00:00,0.11584377832539872
2025-08-10 09:00:00,0.2362635281183998
2025-08-10 10:00:00,0.16813806705008005
2025-08-10 11:00:00,0.2113015590097973
2025-08-10 12:00:00,0.08864779015002
2025-08-10 13:00:00,0.11761245609278603
2025-08-10 14:00:00,-0.3184215606073906
2025-08-10 15:00:00,0.34770460735950337
2025-08-10 16:00:00,0.10982965523078292
2025-08-10 17:00:00,0.2698821377668992
2025-08-10 18:00:00,0.1411925576922215
2025-08-10 19:00:00,-0.09004097006811662
2025-08-10 20:00:00,0.08877023095240588
2025-08-10 21:00:00,0.1108698432545907
2025-08-10 22:00:00,0.13466940400439853
2025-08-10 23:00:00,0.10607945297141441
2025-08-11 00:00:00,0.12175081575318814
2025-08-11 01:00:00,0.15478804923901635
2025-08-11 02:00:00,0.07302352407288026
2025-08-11 03:00:00,0.09400961380720219
2025-08-11 04:00:00,0.09740887455501479
2025-08-11 05:00:00,0.109768404960505
2025-08-11 06:00:00,0.04878494210038298
2025-08-11 09:00:00,-0.1566127609279988
2025-08-11 10:00:00,0.17545480884749054
2025-08-11 11:00:00,0.10738216565431458
2025-08-11 12:00:00,0.14854805205689559
2025-08-11 13:00:00,0.0027155274804897545
2025-08-11 14:00:00,0.2667024124051238
2025-08-11 15:00:00,0.10906961209170163
2025-08-11 16:00:00,0.11797239519680147
2025-08-11 17:00:00,0.11722594970260047
2025-08-11 18:00:00,0.11905308007527537
2025-08-11 19:00:00,0.11708618120312053
2025-08-11 20:00:00,0.11908463406999203
2025-08-11 21:00:00,0.11692243444440464
2025-08-11 22:00:00,0.11859322306580111
2025-08-11 23:00:00,0.2006707375343808
2025-08-12 00:00:00,0.08601552170540572
2025-08-12 01:00:00,0.05577074905122004
2025-08-12 02:00:00,0.09504766293559896
2025-08-12 03:00:00,0.09888886001257902
2025-08-12 04:00:00,0.13692455231071676
2025-08-12 05:00:00,0.07531258976268873
2025-08-12 06:00:00,0.10222390774251267
2025-08-12 07:00:00,0.0848721318965886
2025-08-12 08:00:00,0.06811582124021243
2025-08-12 09:00:00,-0.18779713731191805
2025-08-12 10:00:00,0.12759658351259873
2025-08-12 11:00:00,0.08857496486299965
2025-08-12 12:00:00,0.09073583632149962
2025-08-12 13:00:00,0.09219415352049509
2025-08-12 14:00:00,0.09022543082730294
2025-08-12 15:00:00,0.0917425232602227
2025-08-12 16:00:00,0.09047816110609119
2025-08-12 17:00:00,0.09202068965080912
2025-08-12 18:00:00,0.09055402298849913
2025-08-12 19:00:00,0.09035172413797454
2025-08-12 20:00:00,0.09186896551722157
2025-08-12 21:00:00,0.09014942528739311
2025-08-12 22:00:00,0.09078160919540323
2025-08-12 23:00:00,0.09179310344831038
2025-08-13 00:00:00,0.09174252873557975
2025-08-13 01:00:00,0.09030114942530076
2025-08-13 02:00:00,0.09181839080460463
2025-08-13 03:00:00,0.06957137167088945
2025-08-13 04:00:00,0.07835893712990583
2025-08-13 05:00:00,0.08351133914419506
2025-08-13 06:00:00,0.08721770455301225
2025-08-13 07:00:00,0.17864220248088714
2025-08-13 08:00:00,0.08429608264611943
2025-08-13 09:00:00,0.11493877850310241
2025-08-13 10:00:00,0.13930132346757773
2025-08-13 11:00:00,0.20952693617041973
2025-08-13 12:00:00,0.217286383002687
2025-08-13 13:00:00,0.289395303864211
2025-08-13 14:00:00,0.2843105885866066
2025-08-13 15:00:00,0.28880945172659267
2025-08-13 16:00:00,0.3220444944219025
2025-08-13 17:00:00,0.3018776349090899
2025-08-13 18:00:00,0.22093119131540107
2025-08-13 19:00:00,-0.003568469622706516
2025-08-13 20:00:00,0.008371390496193953
2025-08-13 21:00:00,0.12289647234220524
2025-08-13 22:00:00,0.07761624441590698
2025-08-13 23:00:00,0.08102286264968939
2025-08-14 00:00:00,0.1005725272972029
2025-08-14 01:00:00,0.11609649310889836
2025-08-14 02:00:00,0.06280550920271821
2025-08-14 03:00:00,0.1134400162189877
2025-08-14 04:00:00,0.07621858978919249
2025-08-14 05:00:00,0.12519736413500482
2025-08-14 06:00:00,0.28384052486580913
2025-08-14 07:00:00,0.1545470881530946
2025-08-14 08:00:00,0.09992588788620083
2025-08-14 09:00:00,0.1596661562651036
2025-08-14 10:00:00,0.09098516683050661
2025-08-14 11:00:00,0.2862739247863999
2025-08-14 12:00:00,0.12307050536028896
2025-08-14 13:00:00,0.2597768911539049
2025-08-14 14:00:00,0.2882742981211095
2025-08-14 15:00:00,0.29871986113877824
2025-08-14 16:00:00,0.2512745644678205
2025-08-14 17:00:00,0.25052269155639806
2025-08-14 18:00:00,0.14951640728898496
2025-08-14 19:00:00,0.08848804019871181
2025-08-14 20:00:00,0.0482299690818877
2025-08-14 21:00:00,0.11532613963461813
2025-08-14 22:00:00,0.08239153685138945
2025-08-14 23:00:00,0.09539518783390122
2025-08-15 00:00:00,0.08877762280241086
2025-08-15 01:00:00,0.15765287037157805
2025-08-15 02:00:00,0.07594708643151193
2025-08-15 03:00:00,0.08130109386979711
2025-08-15 04:00:00,0.1190049239330051
2025-08-15 05:00:00,0.11320507345200781
2025-08-15 06:00:00,0.18740533698468198
2025-08-15 07:00:00,0.15699055218641433
2025-08-15 08:00:00,0.11168534642078498
2025-08-15 09:00:00,0.050040219619404525
2025-08-15 10:00:00,0.10055015509999521
2025-08-15 11:00:00,0.06220703231909397
2025-08-15 12:00:00,0.09936715591550183
2025-08-15 13:00:00,0.1593326432184199
2025-08-15 14:00:00,0.06969697685400433
2025-08-15 15:00:00,0.1717104757272807
2025-08-15 16:00:00,0.13697775139021928
2025-08-15 17:00:00,0.10675376158548033
2025-08-15 18:00:00,-0.01954103787107897
2025-08-15 19:00:00,0.01938318130757466
2025-08-15 20:00:00,0.04031153616031702
2025-08-15 21:00:00,0.06798282419288171
2025-08-15 22:00:00,0.03888403865769874
2025-08-15 23:00:00,0.039293490359625594
2025-08-16 09:00:00,-0.024548207264615485
2025-08-16 10:00:00,0.06337366565060165
2025-08-16 11:00:00,0.14757948950941113
2025-08-16 12:00:00,0.16210871898007895
2025-08-16 13:00:00,0.2476833989828151
2025-08-16 14:00:00,0.3150686226242101
2025-08-16 15:00:00,0.282364522252891
2025-08-16 16:00:00,0.2579140557558901
2025-08-16 17:00:00,0.13014482345391798
2025-08-16 18:00:00,0.007924654706300771
2025-08-16 19:00:00,-0.11584264678222667
2025-08-16 20:00:00,0.049951285632602094
2025-08-16 21:00:00,0.07890981324180757
2025-08-16 22:00:00,0.12577736371699189
2025-08-16 23:00:00,0.20355368658090356
2025-08-17 00:00:00,0.14451861124621246
2025-08-17 01:00:00,0.13621031385258675
2025-08-17 02:00:00,0.2285300440105118
2025-08-17 03:00:00,0.16290674872769273
2025-08-17 04:00:00,0.14726143704351102
2025-08-17 05:00:00,0.18990226816228528
2025-08-17 06:00:00,0.2614527327422138
2025-08-17 07:00:00,0.278103471550196
2025-08-17 08:00:00,0.17562349137259048
2025-08-17 09:00:00,0.17110618189090587
2025-08-17 10:00:00,0.07835978728729742
2025-08-17 11:00:00,0.30646322603320186
2025-08-17 12:00:00,0.3507413686351981
2025-08-17 13:00:00,0.42335246517461655
2025-08-17 14:00:00,0.4315878746902797
2025-08-17 15:00:00,0.3965266592361161
2025-08-17 16:00:00,0.476162434921406
2025-08-17 17:00:00,0.3410784970686791
2025-08-17 18:00:00,0.056208711236195086
2025-08-17 19:00:00,0.06026134191350252
2025-08-17 20:00:00,0.05976696168050921
2025-08-17 21:00:00,0.14860528458561362
2025-08-17 22:00:00,0.23184206134277474
2025-08-17 23:00:00,0.1697564830583076
2025-08-18 00:00:00,0.05351423874219563
2025-08-18 01:00:00,0.04075078829549739
2025-08-18 02:00:00,0.14875542563581234
2025-08-18 03:00:00,0.10136318070260586
2025-08-18 04:00:00,0.10751366676097973
2025-08-18 05:00:00,0.11745313472110297
2025-08-18 06:00:00,0.24888693222251845
2025-08-18 07:00:00,0.15600974993748196
2025-08-18 08:00:00,0.1370759786255178
2025-08-18 09:00:00,0.09839140049729167
2025-08-18 10:00:00,0.9462751036107022
2025-08-18 11:00:00,0.11456244923920167
2025-08-18 12:00:00,0.09754770548408942
2025-08-18 13:00:00,0.20488446161300544
2025-08-18 14:00:00,0.16515034620221059
2025-08-18 15:00:00,0.029467855773077645
2025-08-18 16:00:00,-0.1111582469007999
2025-08-18 17:00:00,0.0049453434135102725
2025-08-18 18:00:00,0.055394858520003254
2025-08-18 19:00:00,-0.04094367386599629
2025-08-18 20:00:00,0.12926998257060518
2025-08-18 21:00:00,0.13203064657409413
2025-08-18 22:00:00,0.17865223610138514
2025-08-18 23:00:00,0.14742428244520056
2025-08-19 00:00:00,0.11077216223000619
2025-08-19 01:00:00,0.06478476985461157
2025-08-19 02:00:00,0.11660313307598358
2025-08-19 03:00:00,0.17236531895039775
2025-08-19 04:00:00,0.13824030750410543
2025-08-19 05:00:00,0.17588571784150986
2025-08-19 06:00:00,0.16780349871649491
2025-08-19 07:00:00,0.18216121750810998
2025-08-19 08:00:00,0.15696999126939204
2025-08-19 09:00:00,0.10304761194478829
2025-08-19 10:00:00,0.05070003426911285
2025-08-19 11:00:00,0.08137642860859273
2025-08-19 12:00:00,0.17633475844519353
2025-08-19 13:00:00,0.1624279732396019
2025-08-19 14:00:00,0.17407429463492008
2025-08-19 15:00:00,0.24197921061960415
2025-08-19 16:00:00,0.19154324080290053
2025-08-19 17:00:00,0.22421877337737328
2025-08-19 18:00:00,0.09648700848981662
2025-08-19 19:00:00,-0.08346225520759276
2025-08-19 20:00:00,-0.010881618654906333
2025-08-19 21:00:00,0.08951176046699061
2025-08-19 22:00:00,0.13343642194561767
2025-08-19 23:00:00,0.12291449779038999
2025-08-20 00:00:00,0.0644195483739054
2025-08-20 01:00:00,0.10998297509280519
2025-08-20 02:00:00,0.09898312922109653
2025-08-20 03:00:00,0.0952705508974816
2025-08-20 04:00:00,0.11811438158039778
2025-08-20 05:00:00,0.08019324496811464
2025-08-20 06:00:00,0.2732125145381872
2025-08-20 07:00:00,0.12626284678381694
2025-08-20 08:00:00,0.1846833712676812
2025-08-20 09:00:00,0.13180482853439912
2025-08-20 10:00:00,0.14874701472112406
2025-08-20 11:00:00,0.24842111031628633
2025-08-20 12:00:00,0.22908843603369178
2025-08-20 13:00:00,0.25702082748321686
2025-08-20 14:00:00,0.2861569363014951
2025-08-20 15:00:00,0.27307159797879876
2025-08-20 16:00:00,0.17335111197471065
2025-08-20 17:00:00,0.1532883320120959
2025-08-20 18:00:00,0.1135675927864952
2025-08-20 19:00:00,-0.09427065231770371
2025-08-20 20:00:00,0.08043510835159395
2025-08-20 21:00:00,0.12274578330629993
2025-08-20 22:00:00,0.14646971200991743
2025-08-20 23:00:00,0.09113702532587808
2025-08-21 00:00:00,0.13749786004092357
2025-08-21 01:00:00,0.05318719697189067
2025-08-21 02:00:00,0.1454638334004983
2025-08-21 03:00:00,0.08666914659571034
2025-08-21 04:00:00,0.06227283830020269
2025-08-21 05:00:00,0.07049131241669215
2025-08-21 06:00:00,0.29324437574348394
2025-08-21 07:00:00,0.24733210701259623
2025-08-21 08:00:00,0.04476337371210093
2025-08-21 09:00:00,-0.1475310084114767
2025-08-21 10:00:00,0.011364268594093119
2025-08-21 11:00:00,0.25007111459350995
2025-08-21 12:00:00,0.236619503668976
2025-08-21 13:00:00,0.3213818004222162
2025-08-21 14:00:00,0.3862089314864079
2025-08-21 15:00:00,0.36049985864877954
2025-08-21 16:00:00,0.30642903218659967
2025-08-21 17:00:00,0.24034912953470666
2025-08-21 18:00:00,0.10641570867170458
2025-08-21 19:00:00,-0.05843932762661552
2025-08-21 20:00:00,0.07987337319590893
2025-08-21 21:00:00,0.05350992817960787
2025-08-21 22:00:00,0.183020621521905
2025-08-21 23:00:00,0.09427550896998582
2025-08-22 00:00:00,0.12497336261699843
2025-08-22 01:00:00,0.13568619765811718
2025-08-22 02:00:00,0.05818173746757793
2025-08-22 03:00:00,0.09454209895341137
2025-08-22 04:00:00,0.09038066988628657
2025-08-22 05:00:00,0.08613199891811973
2025-08-22 06:00:00,0.2134775866148857
2025-08-22 07:00:00,0.26815585703300826
2025-08-22 08:00:00,0.153814796410785
2025-08-22 09:00:00,-0.019565498756378474
2025-08-22 10:00:00,0.180350081885706
2025-08-22 11:00:00,0.20778413131699836
2025-08-22 12:00:00,0.2695748359092818
2025-08-22 13:00:00,0.3709588534096042
2025-08-22 14:00:00,0.34226109865241483
2025-08-22 15:00:00,0.4491285193877843
2025-08-22 16:00:00,0.3927896472002885
2025-08-22 17:00:00,0.1574786175616225
2025-08-22 18:00:00,0.06112138786608057
2025-08-22 19:00:00,0.21273630649821484
2025-08-22 20:00:00,0.15253785921970575
2025-08-22 21:00:00,0.18169960646309846
2025-08-22 22:00:00,0.20453993320288077
2025-08-22 23:00:00,0.28625174987340074
2025-08-23 00:00:00,0.2547485095556965
2025-08-23 01:00:00,0.2286240139634117
2025-08-23 02:00:00,0.21860732007519346
2025-08-23 03:00:00,0.1708533555188012
2025-08-23 04:00:00,0.16994487936270275
2025-08-23 05:00:00,0.168940665435116
2025-08-23 06:00:00,0.2664744801541019
2025-08-23 07:00:00,0.2881727635847824
2025-08-23 08:00:00,0.19659144710161058
2025-08-23 09:00:00,0.15673212244558954
2025-08-23 10:00:00,0.294707274507914
2025-08-23 11:00:00,0.2995329284660784
2025-08-23 12:00:00,0.3443471734203172
2025-08-23 13:00:00,0.2851636696005926
2025-08-23 14:00:00,0.3413685413453038
2025-08-23 15:00:00,0.2187975839563876
2025-08-23 16:00:00,0.40970734439162015
2025-08-23 17:00:00,0.18806087562168727
2025-08-23 18:00:00,0.3006993752537994
2025-08-23 19:00:00,0.2963420425396066
2025-08-23 20:00:00,0.29385836490098427
2025-08-23 21:00:00,0.2995188334789134
2025-08-23 22:00:00,0.2934321431341118
2025-08-23 23:00:00,0.2990259924161762
2025-08-24 00:00:00,0.29441926611582403
2025-08-24 01:00:00,0.294007951067897
2025-08-24 02:00:00,1.1659477117124766
2025-08-24 03:00:00,-0.0528071359661908
2025-08-24 04:00:00,-0.05311211485908984
2025-08-24 05:00:00,-0.1388663722663921
2025-08-24 06:00:00,-0.22785282135151874
2025-08-24 07:00:00,0.051873889436109266
2025-08-24 08:00:00,0.10492323540128723
2025-08-24 09:00:00,-0.11006194721088036
2025-08-24 10:00:00,0.19976581192378262
2025-08-24 11:00:00,0.10755451833509255
2025-08-24 12:00:00,0.18107997282700694
2025-08-24 13:00:00,0.22943044355071152
2025-08-24 14:00:00,0.1490716187717851
2025-08-24 15:00:00,0.13745894408540948
2025-08-24 16:00:00,0.03446901155109572
2025-08-24 17:00:00,0.0887317552588911
2025-08-24 18:00:00,0.11090122775300415
2025-08-24 19:00:00,-0.023103622725386685
2025-08-24 20:00:00,0.03790189603628846
2025-08-24 23:00:00,-0.01859675542499417
2025-08-25 00:00:00,0.07304424341859317
2025-08-25 06:00:00,-0.10243575180598441
2025-08-25 07:00:00,-0.06244739599841864
2025-08-25 08:00:00,0.05422064336562471
2025-08-25 09:00:00,0.02265781236170028
2025-08-25 10:00:00,0.012715411285199707
2025-08-25 11:00:00,0.00864277793328938
2025-08-25 12:00:00,0.006068660422386074
2025-08-25 13:00:00,0.004559358127323776
2025-08-25 14:00:00,0.003366765971577479
2025-08-25 15:00:00,0.002395974657900979
2025-08-25 16:00:00,0.0017174984216978828
2025-08-25 17:00:00,-0.055432321970187104
2025-08-25 18:00:00,0.03642146200220964
2025-08-25 19:00:00,-0.008996718875522447
2025-08-25 20:00:00,0.10514361557770258
2025-08-25 21:00:00,0.09157785264909535
2025-08-25 22:00:00,0.0452527277119259
2025-08-25 23:00:00,0.11528457955120075
2025-08-26 00:00:00,0.08545832841588208
2025-08-26 01:00:00,0.1400204933929956
2025-08-26 02:00:00,0.10504075979000049
2025-08-26 03:00:00,0.10342798322059821
2025-08-26 04:00:00,0.13825691680639807
2025-08-26 05:00:00,0.12372023510690155
2025-08-26 06:00:00,0.20368741241119892
2025-08-26 07:00:00,0.18771352476150582
2025-08-26 08:00:00,0.1441592787542163
2025-08-26 09:00:00,0.1017919990262044
2025-08-26 10:00:00,0.09820035853149989
2025-08-26 11:00:00,0.17896573930758564
2025-08-26 12:00:00,0.15237771453431037
2025-08-26 13:00:00,0.19736331243009886
2025-08-26 14:00:00,0.2159535845089806
2025-08-26 15:00:00,0.26299981178462417
2025-08-26 16:00:00,0.21380653908809677
2025-08-26 17:00:00,0.29165253668509195
2025-08-26 18:00:00,0.08340619976669927
2025-08-26 19:00:00,-0.028465446651807724
2025-08-26 20:00:00,0.25610824088849427
2025-08-26 21:00:00,0.11715555724410365
2025-08-26 22:00:00,0.05965049329779504
2025-08-26 23:00:00,0.007395719185922189
2025-08-27 00:00:00,0.09497098061657994
2025-08-27 01:00:00,0.14280428737231432
2025-08-27 02:00:00,0.12618926628618965
2025-08-27 03:00:00,0.09689444006289705
2025-08-27 04:00:00,0.1096449814138225
2025-08-27 05:00:00,0.09567960019617772
2025-08-27 06:00:00,0.1315000749804085
2025-08-27 07:00:00,0.21118891868380274
2025-08-27 08:00:00,0.15153324284779046
2025-08-27 09:00:00,0.11918397103721645
2025-08-27 10:00:00,0.13103722401339724
2025-08-27 11:00:00,0.16930682674458808
2025-08-27 12:00:00,0.1892135505900967
2025-08-27 13:00:00,0.18271805949589748
2025-08-27 14:00:00,0.23486364384191916
2025-08-27 15:00:00,0.2771599993313032
2025-08-27 16:00:00,0.27747304554929997
2025-08-27 17:00:00,0.08809320796109432
2025-08-27 18:00:00,0.19040558032600075
2025-08-27 19:00:00,-0.016824689757612532
2025-08-27 20:00:00,0.056323291715017376
2025-08-27 21:00:00,-0.014068271458000936
2025-08-27 22:00:00,0.008878089615677709
2025-08-27 23:00:00,-0.02269389141028455
2025-08-28 00:00:00,-0.023246675998194632
2025-08-28 01:00:00,0.12055015533030655
2025-08-28 02:00:00,0.1539588016168807
2025-08-28 03:00:00,0.08784098174919563
2025-08-28 04:00:00,0.10969214231440105
2025-08-28 05:00:00,0.11829452170499621
2025-08-28 06:00:00,0.26573049882972555
2025-08-28 07:00:00,0.15986423570538477
2025-08-28 08:00:00,0.09601353035020566
2025-08-28 09:00:00,0.13101496040320626
2025-08-28 10:00:00,0.11619499049169235
2025-08-28 11:00:00,0.14577731970570085
2025-08-28 12:00:00,0.15948654134538742
2025-08-28 13:00:00,0.24764639564901358
2025-08-28 14:00:00,0.22555532297150194
2025-08-28 15:00:00,0.23622151389540136
2025-08-28 16:00:00,0.2542287094447033
2025-08-28 17:00:00,0.10055672955169825
2025-08-28 18:00:00,0.0036521589540825516
2025-08-28 19:00:00,-0.04243573127388345
2025-08-28 20:00:00,0.1476923686572036
2025-08-28 21:00:00,0.10288321906227793
2025-08-28 22:00:00,0.14009860354610737
2025-08-28 23:00:00,0.12821955578920097
2025-08-29 00:00:00,0.11785039583099888
2025-08-29 01:00:00,0.12072674577379416
2025-08-29 02:00:00,0.11556302904111249
2025-08-29 03:00:00,0.14318232021730637
2025-08-29 04:00:00,0.07905165696050176
2025-08-29 05:00:00,0.1424574131370946
2025-08-29 06:00:00,0.24498537568180723
2025-08-29 07:00:00,0.18843259385309352
2025-08-29 08:00:00,0.05537222062270075
2025-08-29 13:00:00,-0.13725298894780735
2025-08-29 14:00:00,0.38702552437709414
2025-08-29 15:00:00,0.16947036526079273
2025-08-29 16:00:00,0.18713198079922222
2025-08-29 17:00:00,0.09627693037887752
2025-08-29 18:00:00,-0.05587642177798102
2025-08-29 19:00:00,-0.027644099743696415
2025-08-29 20:00:00,0.10580321472818355
2025-08-29 21:00:00,0.09765534388810693
2025-08-29 22:00:00,0.1616574785076068
2025-08-29 23:00:00,0.17273540898389683
2025-08-30 00:00:00,0.1657915128837999
2025-08-30 01:00:00,0.24506488217480182
2025-08-30 02:00:00,0.23826011566688976
2025-08-30 03:00:00,0.10065920279990337
2025-08-30 07:00:00,-0.08635640505480069
2025-08-30 08:00:00,-0.004239467961895116
2025-08-30 09:00:00,-0.06588911860180247
2025-08-30 10:00:00,0.3340560559713026
2025-08-30 11:00:00,0.20492492488480707
2025-08-30 12:00:00,0.23623259300907762
2025-08-30 13:00:00,0.35047366053700557
2025-08-30 14:00:00,0.35686634642650006
2025-08-30 15:00:00,0.336820425747419
2025-08-30 16:00:00,0.32735330871418
2025-08-30 17:00:00,0.24304856453059642
2025-08-30 18:00:00,0.07232856639342344
2025-08-30 19:00:00,0.033703030043994886
2025-08-30 20:00:00,0.1147362791872979
2025-08-30 21:00:00,0.22916599760728218
2025-08-31 01:00:00,-0.14042210848180048
2025-08-31 02:00:00,0.23255223251990742
2025-08-31 03:00:00,0.16945347639199326
2025-08-31 04:00:00,0.16128170036711253
2025-08-31 05:00:00,0.20030253994420377
2025-08-31 06:00:00,0.2572461967294828
2025-08-31 07:00:00,0.23786520243982068
2025-08-31 08:00:00,0.19959152640558386
2025-08-31 09:00:00,0.11507246605901855
2025-08-31 10:00:00,0.2581598922962769
2025-08-31 11:00:00,0.2438413415540026
2025-08-31 12:00:00,0.4628943040563058
2025-08-31 13:00:00,0.4380746880036952
2025-08-31 14:00:00,0.41658047665279696
2025-08-31 15:00:00,0.43203282232042284
2025-08-31 16:00:00,0.36614705708348083
2025-08-31 17:00:00,0.25055528848480435
2025-08-31 18:00:00,0.05881994324909101
2025-08-31 19:00:00,-0.04537980508237638
2025-09-01 03:00:00,0.009592836454487497
2025-09-01 04:00:00,-0.057813619007305306
2025-09-01 05:00:00,0.15542943112652097
2025-09-01 06:00:00,0.2086553927788941
2025-09-01 07:00:00,0.06618483893760185
2025-09-01 09:00:00,-0.2324623085227131
2025-09-01 10:00:00,0.21970569512419047
2025-09-01 11:00:00,0.22242617884791116
2025-09-01 12:00:00,0.2607394269535064
2025-09-01 13:00:00,0.39190949716760315
2025-09-01 14:00:00,0.4166814564169954
2025-09-01 15:00:00,0.37256550567209956
2025-09-01 16:00:00,0.29316964626238473
2025-09-01 17:00:00,0.31009036682451097
2025-09-01 18:00:00,-0.014670647451396235
2025-09-01 19:00:00,-0.00581853453701342
2025-09-01 20:00:00,0.1463506747908241
2025-09-01 21:00:00,0.11496926249608919
2025-09-01 22:00:00,0.08210074748021157
2025-09-01 23:00:00,0.20156957890759486
2025-09-02 00:00:00,0.1538872146796848
2025-09-02 01:00:00,0.14341292317180887
2025-09-02 02:00:00,0.15864222409391004
2025-09-02 03:00:00,0.10987866404067859
2025-09-02 04:00:00,0.08077017197501846
2025-09-02 05:00:00,0.049472623762881085
2025-09-02 06:00:00,0.190194380808407
2025-09-02 07:00:00,0.12164041979119133
2025-09-02 08:00:00,0.10658710000501515
2025-09-02 09:00:00,0.5023811960813873
2025-09-02 10:00:00,0.1850586045666205
2025-09-02 11:00:00,0.20490883293118145
2025-09-02 12:00:00,0.24550571505869812
2025-09-02 13:00:00,0.27835843232850266
2025-09-02 14:00:00,0.2800035835830954
2025-09-02 15:00:00,0.3424102103962241
2025-09-02 16:00:00,0.25704642487539786
2025-09-02 17:00:00,0.27897874570908243
2025-09-02 18:00:00,0.14122581168081183
2025-09-02 19:00:00,0.17045626684659965
2025-09-02 20:00:00,0.22238011238829358
2025-09-02 21:00:00,0.11648273180421143
2025-09-02 22:00:00,0.08284259139009009
2025-09-02 23:00:00,0.09814452017408826
2025-09-03 00:00:00,0.09657140501320782
2025-09-03 01:00:00,0.14286494024341323
2025-09-03 02:00:00,0.13488196547859843
2025-09-03 03:00:00,0.09251136302208351
2025-09-03 04:00:00,0.11364160442312254
2025-09-03 05:00:00,0.1688592569705918
2025-09-03 06:00:00,0.12358282042779933
2025-09-03 07:00:00,0.1375197977652931
2025-09-03 08:00:00,0.11316343208758894
2025-09-03 09:00:00,0.11212041278400875
2025-09-03 10:00:00,0.059770704513510964
2025-09-03 11:00:00,0.22835989161370662
2025-09-03 12:00:00,0.08970247034949352
2025-09-03 13:00:00,0.07709222554140638
2025-09-03 14:00:00,0.10781972701698805
2025-09-03 15:00:00,0.1715457808423082
2025-09-03 16:00:00,0.11583226177017991
2025-09-03 17:00:00,0.15788285153129777
2025-09-03 18:00:00,0.14383341042511688
2025-09-03 19:00:00,0.14682029017708942
2025-09-03 20:00:00,0.07011732497451817
2025-09-03 21:00:00,0.04448282083689037
2025-09-03 22:00:00,0.12786619753890704
2025-09-03 23:00:00,0.10917392294049932
2025-09-04 00:00:00,0.08123110318447857
2025-09-04 01:00:00,0.08998589759792708
2025-09-04 02:00:00,0.10379333433408533
2025-09-04 03:00:00,0.09654698262409056
2025-09-04 04:00:00,0.14799781289809744
2025-09-04 05:00:00,0.10527147686511285
2025-09-04 06:00:00,0.12041854923731421
2025-09-04 07:00:00,0.1547256341570744
2025-09-04 08:00:00,0.0999979734514227
2025-09-04 09:00:00,0.15887525299709182
2025-09-04 10:00:00,0.15978883981850345
2025-09-04 11:00:00,0.12369271688740469
2025-09-04 12:00:00,0.10511304262547583
2025-09-04 13:00:00,0.17304128178591327
2025-09-04 14:00:00,0.11229591289790619
2025-09-04 15:00:00,0.13082745544488716
2025-09-04 16:00:00,0.14241723717719879
2025-09-04 17:00:00,0.1151682173316999
2025-09-04 18:00:00,0.10510932095229464
2025-09-04 19:00:00,0.08800466656302319
2025-09-04 20:00:00,0.09695029549308742
2025-09-04 21:00:00,0.05327390011740363
2025-09-04 22:00:00,0.050588233152694784
2025-09-04 23:00:00,0.07107623955519671
2025-09-05 00:00:00,0.03423713304070475
2025-09-05 01:00:00,0.07627151159370271
2025-09-05 02:00:00,0.05770097009440178
2025-09-05 03:00:00,0.06656205872269538
2025-09-05 04:00:00,0.09491901346150655
2025-09-05 05:00:00,0.06482626148289228
2025-09-05 06:00:00,0.07744132349240829
2025-09-05 07:00:00,0.11954141429899323
2025-09-05 08:00:00,0.060074014783907614
2025-09-05 09:00:00,0.4426601076719976
2025-09-05 10:00:00,0.24833845367749063
2025-09-05 11:00:00,0.1328017436622133
2025-09-05 12:00:00,0.1865271340282959
2025-09-05 13:00:00,0.199256203002804
2025-09-05 14:00:00,0.17764020048208806
2025-09-05 15:00:00,0.22035166249260385
2025-09-05 16:00:00,0.1766002892483982
2025-09-05 17:00:00,0.15383377288280542
2025-09-05 18:00:00,0.05757603298259539
2025-09-05 19:00:00,0.05601799242300842
2025-09-05 20:00:00,0.04198727308938999
2025-09-05 21:00:00,0.03543592969830911
2025-09-05 22:00:00,0.07710096966349056
2025-09-05 23:00:00,0.08476512216540755
2025-09-06 00:00:00,-0.0026784871186009696
2025-09-06 01:00:00,0.07409386357579706
2025-09-06 02:00:00,0.09985073227859687
2025-09-06 03:00:00,0.11668102728100394
2025-09-06 04:00:00,0.06932583444680063
2025-09-06 05:00:00,0.08297812738449295
2025-09-06 06:00:00,0.15318088446660738
2025-09-06 07:00:00,0.11780371761589947
2025-09-06 08:00:00,0.1547604791289956
2025-09-06 09:00:00,0.16588910167119764
2025-09-06 10:00:00,0.11866228099461296
2025-09-06 11:00:00,0.26106038647670005
2025-09-06 12:00:00,0.14817831537318682
2025-09-06 13:00:00,0.2260058854391076
2025-09-06 14:00:00,0.22039408215279366
2025-09-06 15:00:00,0.23470490928571053
2025-09-06 16:00:00,0.24086506964539467
2025-09-06 17:00:00,0.11846779481280123
2025-09-06 18:00:00,0.11415326693909833
2025-09-06 19:00:00,0.07039899762060031
2025-09-06 20:00:00,0.016253078400694676
2025-09-06 21:00:00,0.1386030302471113
2025-09-06 22:00:00,0.10795781490459433
2025-09-06 23:00:00,0.09850123416779866
2025-09-07 00:00:00,0.07779439030089463
2025-09-07 01:00:00,0.10281206029740986
2025-09-07 02:00:00,0.09379394855749013
2025-09-07 03:00:00,0.011338671527312272
2025-09-07 04:00:00,0.022257164801089857
2025-09-07 05:00:00,0.06585740347370006
2025-09-07 06:00:00,0.10707256653221009
2025-09-07 07:00:00,0.059313335376998566
2025-09-07 08:00:00,0.12446057607709804
2025-09-07 09:00:00,0.06868222492099108
2025-09-07 10:00:00,0.0959104319209132
2025-09-07 11:00:00,0.10409702806398968
2025-09-07 12:00:00,0.21713287913840418
2025-09-07 13:00:00,0.31178555235409533
2025-09-07 14:00:00,0.24818268879840844
2025-09-07 15:00:00,0.25174752408629786
2025-09-07 16:00:00,0.23687227678219358
2025-09-07 17:00:00,0.14545417871310917
2025-09-07 18:00:00,0.015109639970191324
2025-09-07 19:00:00,-0.059910441451393126
2025-09-07 20:00:00,0.1364061320317944
2025-09-07 21:00:00,0.2139965348968076
2025-09-07 22:00:00,0.10211666304499545
2025-09-07 23:00:00,0.11596519009769679
2025-09-08 00:00:00,0.09335469335290725
2025-09-08 01:00:00,0.11614064870879304
2025-09-08 02:00:00,0.10516241811470195
2025-09-08 03:00:00,0.1327620125922948
2025-09-08 04:00:00,0.0996321558794051
2025-09-08 05:00:00,0.09626308446580367
2025-09-08 06:00:00,0.13162138006710222
2025-09-08 07:00:00,0.05123435372568963
2025-09-08 08:00:00,0.12489954997670338
2025-09-08 09:00:00,0.20847064012420446
2025-09-08 10:00:00,0.1446953195441978
2025-09-08 11:00:00,0.14292606035969868
2025-09-08 12:00:00,0.224336145688099
2025-09-08 13:00:00,0.31494093654499977
2025-09-08 14:00:00,0.26936910919880575
2025-09-08 15:00:00,0.25502246141110163
2025-09-08 16:00:00,0.25117461250999895
2025-09-08 17:00:00,0.14016928371739823
2025-09-08 18:00:00,0.057396968676897586
2025-09-08 19:00:00,0.11486559360780291
2025-09-08 20:00:00,0.1339734791435916
2025-09-08 21:00:00,0.12125881622020529
2025-09-08 22:00:00,0.12887279848889932
2025-09-08 23:00:00,0.11328388398840161
2025-09-09 00:00:00,0.12335711377720315
2025-09-09 01:00:00,0.1716057029803011
2025-09-09 02:00:00,0.12375268672369089
2025-09-09 03:00:00,0.1742728853824076
2025-09-09 04:00:00,0.1269110008729939
2025-09-09 05:00:00,0.1768698393133974
2025-09-09 06:00:00,0.13957740067260715
2025-09-09 07:00:00,0.11476634760859383
2025-09-09 08:00:00,0.16444569934530762
2025-09-09 09:00:00,0.35212119096689776
2025-09-09 10:00:00,0.061776785854803506
2025-09-09 11:00:00,0.1745980393492914
2025-09-09 12:00:00,0.2405070119429098
2025-09-09 13:00:00,0.3531958531390984
2025-09-09 14:00:00,0.3693069877643893
2025-09-09 15:00:00,0.32377870124480523
2025-09-09 16:00:00,0.4074368429203048
2025-09-09 17:00:00,0.16989749332229565
2025-09-09 18:00:00,0.26721588844439736
2025-09-09 19:00:00,0.15616392755450192
2025-09-09 20:00:00,0.17993162708820876
2025-09-09 21:00:00,0.23519837792429144
2025-09-09 22:00:00,0.18309843100989553
2025-09-09 23:00:00,0.19863609504800195
2025-09-10 00:00:00,0.17345066998970537
2025-09-10 01:00:00,0.19536852867629761
2025-09-10 02:00:00,0.20786071918649895
2025-09-10 03:00:00,0.16732266725790623
2025-09-10 04:00:00,0.1883697127643984
2025-09-10 05:00:00,0.18351616141609384
2025-09-10 06:00:00,0.22811675913860086
2025-09-10 07:00:00,0.30232028439270664
2025-09-10 08:00:00,0.24344325926459476
2025-09-10 09:00:00,0.13561307929140298
2025-09-10 10:00:00,0.656697654221702
2025-09-10 11:00:00,0.36223451696469056
2025-09-10 12:00:00,0.11598524706080582
2025-09-10 13:00:00,0.3802377595359019
2025-09-10 14:00:00,0.30724584720150006
2025-09-10 15:00:00,0.2612233128240007
2025-09-10 16:00:00,0.3713350650940015
2025-09-10 17:00:00,0.3222794621742935
2025-09-10 18:00:00,0.1330340553320042
2025-09-10 19:00:00,0.16249595173400166
2025-09-10 20:00:00,0.17019207649948953
2025-09-10 21:00:00,0.17150985338300018
2025-09-10 22:00:00,0.16314685141171026
2025-09-10 23:00:00,0.1254267050153004
2025-09-11 00:00:00,0.1398534896308945
2025-09-11 01:00:00,0.16305534917820808
2025-09-11 02:00:00,0.1443770446379915
2025-09-11 03:00:00,0.11852061456499996
2025-09-11 04:00:00,0.10090739759080236
2025-09-11 09:00:00,-0.11608175943290178
2025-09-11 10:00:00,0.21201996827250014
2025-09-11 11:00:00,0.21621632190729656
2025-09-11 12:00:00,0.2489190429134993
2025-09-11 13:00:00,0.39319916038751046
2025-09-11 14:00:00,0.22941131404289195
2025-09-11 15:00:00,0.41620213833189723
2025-09-11 16:00:00,0.3148019068748056
2025-09-11 17:00:00,0.21089517138889846
2025-09-11 18:00:00,-0.10339869386059775
2025-09-11 19:00:00,0.015729217035598708
2025-09-11 20:00:00,0.15713950447479874
2025-09-11 21:00:00,0.2668777029229972
2025-09-11 22:00:00,0.0692327396257042
2025-09-11 23:00:00,0.13921350166330626
2025-09-12 00:00:00,0.1140288103512006
2025-09-12 01:00:00,0.029142565018091204
2025-09-12 02:00:00,0.017801453646498544
2025-09-12 03:00:00,0.12378969532871054
2025-09-12 04:00:00,0.1977325679845876
2025-09-12 05:00:00,0.0856857464014098
2025-09-12 06:00:00,0.1523147386904924
2025-09-12 07:00:00,0.1561154441613013
2025-09-12 08:00:00,0.17158841874289976
2025-09-12 09:00:00,-0.07817758969729027
2025-09-12 10:00:00,0.15757838508798727
2025-09-12 11:00:00,0.2773673914100101
2025-09-12 12:00:00,0.25722467096730384
2025-09-12 13:00:00,0.1640363637631168
2025-09-12 14:00:00,0.5677761605287515
2025-09-12 15:00:00,0.34125372666468934
2025-09-12 16:00:00,0.322547088997311
2025-09-12 17:00:00,0.377713785583893
2025-09-12 18:00:00,0.1909773994101016
2025-09-12 19:00:00,0.19468849673454258
2025-09-12 20:00:00,0.18200193448663526
2025-09-12 21:00:00,0.1525916174175279
2025-09-12 22:00:00,0.11897278489821872
2025-09-12 23:00:00,0.07305236079265853
2025-09-13 00:00:00,0.14292106870887267
2025-09-13 01:00:00,0.15754274529304269
2025-09-13 02:00:00,0.13459730765551114
2025-09-13 03:00:00,0.13110944108393596
2025-09-13 04:00:00,0.09401555767345826
2025-09-13 05:00:00,0.05226216558730812
2025-09-13 06:00:00,0.2453220370468614
2025-09-13 07:00:00,0.17742866703108007
2025-09-13 08:00:00,0.18049066633146538
2025-09-13 09:00:00,0.13217600117891948
2025-09-13 10:00:00,0.2286496404057914
2025-09-13 11:00:00,0.28971365274405514
2025-09-13 12:00:00,0.25900942295400853
2025-09-13 13:00:00,0.35462158039796066
2025-09-13 14:00:00,0.33925172514342705
2025-09-13 15:00:00,0.233941850155432
2025-09-13 16:00:00,0.2750413674690577
2025-09-13 17:00:00,0.20301132526844867
2025-09-13 18:00:00,-0.055021713093069025
2025-09-13 19:00:00,0.05716222120398129
2025-09-13 20:00:00,0.11361021966395413
2025-09-13 21:00:00,0.17434431716428378
2025-09-13 22:00:00,0.1270216384359628
2025-09-13 23:00:00,0.13273903076949978
2025-09-14 00:00:00,0.1284971424709056
2025-09-14 01:00:00,0.0986904239602211
2025-09-14 02:00:00,0.11135555150434584
2025-09-14 03:00:00,0.11897805891001667
2025-09-14 04:00:00,0.09558180853026954
2025-09-14 05:00:00,0.08494173643417469
2025-09-14 06:00:00,0.16380354511861128
2025-09-14 07:00:00,0.1845501875572495
2025-09-14 08:00:00,0.14992783304948887
2025-09-14 09:00:00,0.09582039333662351
2025-09-14 10:00:00,0.09941148080727658
2025-09-14 11:00:00,0.20923399059743986
2025-09-14 12:00:00,0.236408660516787
2025-09-14 13:00:00,0.21849329184941269
2025-09-14 14:00:00,0.23548381789053963
2025-09-14 15:00:00,0.28864324247605566
2025-09-14 16:00:00,0.18175027405720812
2025-09-14 17:00:00,0.08079037397563127
2025-09-14 18:00:00,-0.055069033696312886
2025-09-14 19:00:00,0.14419800153531526
2025-09-14 20:00:00,0.04140015529556251
2025-09-14 21:00:00,0.1786512019798039
2025-09-14 22:00:00,0.11297184349406564
2025-09-14 23:00:00,0.09886612602220168
2025-09-15 00:00:00,0.10269183596436449
2025-09-15 01:00:00,0.10276070668200532
2025-09-15 02:00:00,0.06828583704515268
2025-09-15 03:00:00,0.023631199629335242
2025-09-15 09:00:00,-0.0838372206696647
2025-09-15 10:00:00,0.20695327692887133
2025-09-15 11:00:00,0.2492031811813007
2025-09-15 12:00:00,0.25534183063243177
2025-09-15 13:00:00,0.31950935710457884
2025-09-15 14:00:00,0.3234147605054005
2025-09-15 15:00:00,0.28342140480422984
2025-09-15 16:00:00,0.26382262597465456
2025-09-15 17:00:00,0.1552775411581564
2025-09-15 18:00:00,-0.016407931577845147
2025-09-15 19:00:00,0.0828951550493997
2025-09-15 20:00:00,0.13816933762946348
2025-09-15 21:00:00,0.08552026217553532
2025-09-15 22:00:00,0.17007484247078253
2025-09-15 23:00:00,0.11629239022479965
2025-09-16 00:00:00,0.10085128111514052
2025-09-16 01:00:00,0.16652710829460204
2025-09-16 02:00:00,0.1366581180082278
2025-09-16 03:00:00,0.14215796797735436
2025-09-16 04:00:00,0.12279786074020649
2025-09-16 05:00:00,0.10583890035093191
2025-09-16 06:00:00,0.1781684296291388
2025-09-16 07:00:00,0.04387870832609053
2025-09-16 09:00:00,-0.09744119315466548
2025-09-16 10:00:00,0.16549648277843687
2025-09-16 11:00:00,0.24216155812447937
2025-09-16 12:00:00,0.23217976397647533
2025-09-16 13:00:00,0.3318621145898817
2025-09-16 14:00:00,0.31210786744533436
2025-09-16 15:00:00,0.3090213010221845
2025-09-16 16:00:00,0.22740046243086454
2025-09-16 17:00:00,0.15973007976302256
2025-09-16 18:00:00,-0.11270071368022627
2025-09-16 19:00:00,0.08933696843199357
2025-09-16 20:00:00,0.14065753686699622
2025-09-16 21:00:00,0.26480543698212955
2025-09-16 22:00:00,0.15258440779275873
2025-09-16 23:00:00,0.11328091089518466
2025-09-17 00:00:00,0.13927827614058685
2025-09-17 01:00:00,0.14683783378806936
2025-09-17 02:00:00,0.16937198996591007
2025-09-17 03:00:00,0.13596937465489134
2025-09-17 04:00:00,0.14755885432440152
2025-09-17 05:00:00,0.15070714892108583
2025-09-17 06:00:00,0.20033748046226663
2025-09-17 07:00:00,0.1226502392850648
2025-09-17 08:00:00,-0.0924595011067737
2025-09-17 09:00:00,0.03247251603869472
2025-09-17 10:00:00,0.2320918767777016
2025-09-17 11:00:00,0.2588002358371284
2025-09-17 12:00:00,0.2724509046465613
2025-09-17 13:00:00,0.3226859280887737
2025-09-17 14:00:00,0.2943696213055489
2025-09-17 15:00:00,0.21654665483336544
2025-09-17 16:00:00,0.167542959801267
2025-09-17 17:00:00,0.17580379916715572
2025-09-17 18:00:00,-0.10461939824649846
2025-09-17 19:00:00,0.09325700292748706
2025-09-17 20:00:00,0.2738044773419972
2025-09-17 21:00:00,0.1625659946205218
2025-09-17 22:00:00,0.17448463209036902
2025-09-17 23:00:00,0.16953604797350863
2025-09-18 00:00:00,0.18844070422832715
2025-09-18 01:00:00,0.15580061571589
2025-09-18 02:00:00,0.17362028702139298
2025-09-18 03:00:00,0.13262166013934973
2025-09-18 04:00:00,0.16756079713131555
2025-09-18 05:00:00,0.15344217291608686
2025-09-18 06:00:00,0.2234116439786078
2025-09-18 07:00:00,0.2126227086604331
2025-09-18 08:00:00,0.364899178132319
2025-09-18 09:00:00,0.29447067637347857
2025-09-18 10:00:00,-0.03587938816009739
2025-09-18 11:00:00,0.3166476209685243
2025-09-18 12:00:00,0.1988905631420721
2025-09-18 13:00:00,0.37400274156618707
2025-09-18 14:00:00,0.35186475477274826
2025-09-18 15:00:00,0.27031816189985136
2025-09-18 16:00:00,0.292996868361584
2025-09-18 17:00:00,0.19586962381055173
2025-09-18 18:00:00,0.03161867402089058
2025-09-18 19:00:00,0.02547985475351311
2025-09-18 20:00:00,0.07129192715051147
2025-09-18 21:00:00,0.13868704787265074
2025-09-18 22:00:00,0.07481056775230854
2025-09-18 23:00:00,0.12557520350920015
2025-09-19 00:00:00,0.044383182526630094
2025-09-19 01:00:00,0.1517863422367185
2025-09-19 02:00:00,0.081864085918113
2025-09-19 03:00:00,0.03845195860711215
2025-09-19 04:00:00,0.0810572951599795
2025-09-19 05:00:00,0.09297729948455924
2025-09-19 06:00:00,0.06662811163006666
2025-09-19 07:00:00,0.16320593581679077
2025-09-19 08:00:00,0.0904104947547637
2025-09-19 09:00:00,-0.03594293399795845
2025-09-19 10:00:00,0.06972516614031576
2025-09-19 11:00:00,0.14133695710016525
2025-09-19 12:00:00,0.2528732595868064
2025-09-19 13:00:00,0.44223949998743706
2025-09-19 14:00:00,0.15665780472549784
2025-09-19 15:00:00,0.16864176970501887
2025-09-19 16:00:00,0.14437704240880578
2025-09-19 17:00:00,0.09544129882708319
2025-09-19 18:00:00,-0.019705645058365917
2025-09-19 19:00:00,0.07049734206968594
2025-09-19 20:00:00,0.0890923870067013
2025-09-19 21:00:00,0.054917119371921785
2025-09-19 22:00:00,0.09930260501744215
2025-09-19 23:00:00,0.07707358415098042
2025-09-20 00:00:00,0.10453501259624431
2025-09-20 01:00:00,0.10687743232445257
2025-09-20 02:00:00,0.028341187453577277
2025-09-20 03:00:00,0.07597410742084776
2025-09-20 04:00:00,-0.00623135179355927
2025-09-20 05:00:00,-1.1892350713974906
2025-09-20 06:00:00,0.21219280888540482
2025-09-20 07:00:00,0.05080449790597186
2025-09-20 08:00:00,0.10502884637185161
2025-09-20 09:00:00,0.05649439218694852
2025-09-20 10:00:00,0.08589728933638696
2025-09-20 11:00:00,0.11637242518527557
2025-09-20 12:00:00,0.1554856555772517
2025-09-20 13:00:00,0.1682758632162944
2025-09-20 14:00:00,0.13083485496792946
2025-09-20 15:00:00,0.23886851183999624
2025-09-20 16:00:00,0.08543080654955304
2025-09-20 17:00:00,0.14427408249473217
2025-09-20 18:00:00,-0.005232819046341319
2025-09-20 19:00:00,-0.029924725947751085
2025-09-20 20:00:00,0.1482306206794135
2025-09-20 21:00:00,0.07035483318206559
2025-09-20 22:00:00,0.07712514705184503
2025-09-20 23:00:00,0.05257058271944004
2025-09-21 00:00:00,0.12535224580409476
2025-09-21 01:00:00,0.050756677757405555
2025-09-21 02:00:00,0.038270539504168255
2025-09-21 03:00:00,0.07956675630936161
2025-09-21 04:00:00,0.09036314770538922
2025-09-21 05:00:00,0.12111576152787507
2025-09-21 06:00:00,0.1849035053638488
2025-09-21 07:00:00,0.15120971568315156
2025-09-21 08:00:00,0.11033890306414662
2025-09-21 09:00:00,-0.16313430475143775
2025-09-21 10:00:00,0.16100660805652467
2025-09-21 11:00:00,0.1987524038137849
2025-09-21 12:00:00,0.1585364140544101
2025-09-21 13:00:00,0.34489700497168485
2025-09-21 14:00:00,0.25124043862700773
2025-09-21 15:00:00,0.2169496114803735
2025-09-21 16:00:00,0.20665335514581784
2025-09-21 17:00:00,0.16375506606073031
2025-09-21 18:00:00,-0.00642274566531853
2025-09-21 19:00:00,0.10261722234869808
2025-09-21 20:00:00,0.09167969863089809
2025-09-21 21:00:00,0.12148276057459384
2025-09-21 22:00:00,0.10018452518760057
2025-09-21 23:00:00,0.10534202176782514
2025-09-22 00:00:00,0.09983974218737046
2025-09-22 01:00:00,0.0966346816803707
2025-09-22 02:00:00,0.09150477302107163
2025-09-22 03:00:00,0.055728419935476836
2025-09-22 04:00:00,0.09233261973827211
2025-09-22 05:00:00,0.09539592868510738
2025-09-22 06:00:00,0.09347070476917452
2025-09-22 07:00:00,0.1541833483714612
2025-09-22 08:00:00,0.148804534433026
2025-09-22 09:00:00,-0.12353130505566412
2025-09-22 10:00:00,0.3503965953379833
2025-09-22 11:00:00,0.1580114149021199
2025-09-22 12:00:00,0.2211201558010032
2025-09-22 13:00:00,0.32362669396697186
2025-09-22 14:00:00,0.24931399701911516
2025-09-22 15:00:00,0.2749719972981808
2025-09-22 16:00:00,0.26090971614254954
2025-09-22 17:00:00,0.06281296430113059
2025-09-22 18:00:00,-0.07510095945890782
2025-09-22 19:00:00,0.050059721984041516
2025-09-22 20:00:00,0.0853879012913552
2025-09-22 21:00:00,0.11237950563655374
2025-09-22 22:00:00,0.16039562256041506
2025-09-22 23:00:00,0.11991572527433902
2025-09-23 00:00:00,0.1108531202757348
2025-09-23 01:00:00,-0.007380902903676656
2025-09-23 02:00:00,0.06067222508018233
2025-09-23 03:00:00,0.08437688904822949
2025-09-23 04:00:00,0.07747123776073295
2025-09-23 05:00:00,0.08727386424790495
2025-09-23 06:00:00,0.14925313507393412
2025-09-23 07:00:00,0.22683803617978526
2025-09-23 08:00:00,0.11795588509913557
2025-09-23 09:00:00,0.11309356891952405
2025-09-23 10:00:00,0.1221275765506391
2025-09-23 11:00:00,0.24969415431070985
2025-09-23 12:00:00,0.2138734657142578
2025-09-23 13:00:00,0.44147136135963905
2025-09-23 14:00:00,0.34055646770328707
2025-09-23 15:00:00,0.3202177081970561
2025-09-23 16:00:00,0.29064872536014974
2025-09-23 17:00:00,0.1629752712807786
2025-09-23 18:00:00,0.04686239365460665
2025-09-23 19:00:00,0.1436148557911494
2025-09-23 20:00:00,0.12824819964244227
2025-09-23 21:00:00,0.1085612731285579
2025-09-23 22:00:00,0.12766431114583554
2025-09-23 23:00:00,0.12990464055621942
2025-09-24 00:00:00,0.12313992100136062
2025-09-24 01:00:00,0.12098537944266496
2025-09-24 02:00:00,0.08758738621498452
2025-09-24 03:00:00,0.09318757527292831
2025-09-24 04:00:00,0.028040305630199214
2025-09-24 05:00:00,0.07203066133344294
2025-09-24 06:00:00,0.1322361528143503
2025-09-24 07:00:00,0.19730224911310756
2025-09-24 08:00:00,0.16520449650593605
2025-09-24 09:00:00,0.13236198615756223
2025-09-24 10:00:00,0.24407858479396793
2025-09-24 11:00:00,0.20400106122670536
2025-09-24 12:00:00,0.33457624037782097
2025-09-24 13:00:00,0.3114652292654796
2025-09-24 14:00:00,0.3150271527714139
2025-09-24 15:00:00,0.248474067029413
2025-09-24 16:00:00,0.2110008313868974
2025-09-24 17:00:00,0.1740732707188002
2025-09-24 18:00:00,0.2404684328072051
2025-09-24 19:00:00,0.2393899196493905
2025-09-24 20:00:00,0.2803574584794575
2025-09-24 21:00:00,0.22120357339226615
2025-09-24 22:00:00,0.28299083337881115
2025-09-24 23:00:00,0.036067763351539384
2025-09-25 00:00:00,-0.1761048233901903
2025-09-25 01:00:00,0.127872935067046
2025-09-25 02:00:00,-0.3229995490224198
2025-09-25 03:00:00,-0.30909460185076654
2025-09-25 04:00:00,0.05304367349426542
2025-09-25 05:00:00,0.12649683000314127
2025-09-25 06:00:00,0.09010169944322399
2025-09-25 07:00:00,0.145036503579675
2025-09-25 08:00:00,0.12032279986794947
2025-09-25 09:00:00,0.21196489060096724
2025-09-25 10:00:00,0.13615434301360096
2025-09-25 11:00:00,0.2966002568430781
2025-09-25 12:00:00,0.2622040726474495
2025-09-25 13:00:00,0.12985601791763912
2025-09-25 14:00:00,-0.1206067464943743
2025-09-25 15:00:00,0.2301577848871048
2025-09-25 16:00:00,0.23634033876115979
2025-09-25 17:00:00,0.199052152137142
2025-09-25 18:00:00,0.24028319381682195
2025-09-25 19:00:00,0.2093752979808272
2025-09-25 20:00:00,0.16395823218844896
2025-09-25 21:00:00,0.13450018827499122
2025-09-25 22:00:00,0.13292426342061958
2025-09-25 23:00:00,0.10308916381123368
2025-09-26 00:00:00,0.10557429880346092
2025-09-26 01:00:00,0.11127396960737457
2025-09-26 02:00:00,0.07827242591386607
2025-09-26 03:00:00,0.09971212573550758
2025-09-26 04:00:00,0.09224800674493139
2025-09-26 05:00:00,0.07288337668605749
2025-09-26 06:00:00,0.0950827426678984
2025-09-26 07:00:00,0.14813190978042456
2025-09-26 08:00:00,0.1321445927938001
2025-09-26 09:00:00,-0.4241877142497259
2025-09-26 10:00:00,0.1940702469815605
2025-09-26 11:00:00,0.23561718508304352
2025-09-26 12:00:00,0.07672573394290794
2025-09-26 13:00:00,0.23448224639743387
2025-09-26 14:00:00,0.26194960174271387
2025-09-26 15:00:00,0.2096496820140601
2025-09-26 16:00:00,0.11024429313784623
2025-09-26 17:00:00,0.14990773563680904
2025-09-26 18:00:00,0.04215380225132037
2025-09-26 19:00:00,0.05637184013969687
2025-09-26 20:00:00,0.01875949759833162
2025-09-26 21:00:00,0.05906681920367163
2025-09-26 22:00:00,0.06960583727725833
2025-09-26 23:00:00,0.07131992772252005
2025-09-27 00:00:00,0.05087271270190996
2025-09-27 01:00:00,0.06526708113210589
2025-09-27 02:00:00,0.057998232974860287
2025-09-27 03:00:00,0.07331266765505973
2025-09-27 04:00:00,0.0797383599539856
2025-09-27 05:00:00,0.07254112056210715
2025-09-27 06:00:00,0.11400651728010303
2025-09-27 07:00:00,0.1743884347095559
2025-09-27 08:00:00,0.13233749786553517
2025-09-27 09:00:00,0.08720699380140928
2025-09-27 10:00:00,0.013612996394243737
2025-09-27 11:00:00,0.1474267756412857
2025-09-27 12:00:00,0.16857666066938748
2025-09-27 13:00:00,0.15185278460373297
2025-09-27 14:00:00,0.10312017623238035
2025-09-27 15:00:00,0.1333446717020763
2025-09-27 16:00:00,0.09390289234976734
2025-09-27 17:00:00,0.049853359977973355
2025-09-27 18:00:00,0.0016444640456327875
2025-09-27 19:00:00,0.0010357229521105182
2025-09-27 20:00:00,0.02946505912810693
2025-09-27 21:00:00,0.01639624998024658
2025-09-27 22:00:00,0.08002847598536533
2025-09-27 23:00:00,0.04276990278312809
2025-09-28 00:00:00,0.10212503212098767
2025-09-28 01:00:00,0.07261154439628115
2025-09-28 02:00:00,0.014676078848722796
2025-09-28 03:00:00,0.05916540669839776
2025-09-28 04:00:00,0.03928567152887297
2025-09-28 05:00:00,0.042316668408794555
2025-09-28 06:00:00,0.02896362467947
2025-09-28 07:00:00,0.07658018685432211
2025-09-28 08:00:00,0.06310344356774777
2025-09-28 09:00:00,0.051207179484059395
2025-09-28 10:00:00,0.06766504484776448
2025-09-28 11:00:00,0.09333989579857871
2025-09-28 12:00:00,0.08003481301486204
2025-09-28 13:00:00,0.0680019768039557
2025-09-28 14:00:00,-0.53730800303628
2025-09-28 15:00:00,-0.019305673119426103
2025-09-28 16:00:00,0.050730319617130704
2025-09-28 17:00:00,-0.05817101946102099
2025-09-28 18:00:00,0.01772038996634251
2025-09-28 19:00:00,-0.022209331179254832
2025-09-28 20:00:00,-0.02712477431018101
2025-09-28 21:00:00,0.0633915547009849
2025-09-28 22:00:00,0.0563318308553562
2025-09-28 23:00:00,0.07621763384715052
2025-09-29 00:00:00,0.1107562883326807
2025-09-29 01:00:00,0.08447480249777328
2025-09-29 02:00:00,0.05441572244986759
2025-09-29 03:00:00,0.09474792857493952
2025-09-29 04:00:00,0.07003777891289076
2025-09-29 05:00:00,0.137242235152236
2025-09-29 06:00:00,0.06959999608260148
2025-09-29 07:00:00,0.112015696439002
2025-09-29 08:00:00,0.031237776036057596
2025-09-29 09:00:00,0.39895885315500834
2025-09-29 10:00:00,0.0895995239761902
2025-09-29 11:00:00,0.12017406900132244
2025-09-29 12:00:00,0.2072577061130616
2025-09-29 13:00:00,-0.04800099929778412
2025-09-29 14:00:00,0.42506614526053
2025-09-29 15:00:00,-0.1828427418367795
2025-09-29 16:00:00,0.1548041426356761
2025-09-29 17:00:00,0.08645607514997522
2025-09-29 18:00:00,0.1206954539952605
2025-09-29 19:00:00,0.20041031131798803
2025-09-29 20:00:00,-0.08088110188331399
2025-09-29 21:00:00,0.15577111626118523
2025-09-29 22:00:00,0.10155113328015375
2025-09-29 23:00:00,0.11658357690145493
2025-09-30 00:00:00,0.1538954631327556
2025-09-30 01:00:00,0.10765080755761858
2025-09-30 02:00:00,0.07608587439150227
2025-09-30 03:00:00,0.15878239494232815
2025-09-30 04:00:00,0.11455169330084658
2025-09-30 05:00:00,0.07919763981983863
2025-09-30 06:00:00,0.11407165771821326
2025-09-30 07:00:00,0.12982117493756107
2025-09-30 08:00:00,0.2265726055278563
2025-09-30 09:00:00,0.215220207427663
2025-09-30 10:00:00,-0.34357667951424276
2025-09-30 11:00:00,-0.1130537107997398
2025-09-30 12:00:00,0.057094094155310415
2025-09-30 13:00:00,0.5232588636766451
2025-09-30 14:00:00,0.35683860149982394
2025-09-30 15:00:00,0.2112758176990539
2025-09-30 16:00:00,0.23592544195950182
2025-09-30 17:00:00,0.15354179758698905
2025-09-30 18:00:00,0.1419652992615852
2025-09-30 19:00:00,0.09433897722203
2025-09-30 20:00:00,0.13926879253200042
2025-09-30 21:00:00,0.08059107232411122
2025-09-30 22:00:00,0.037862964220558126
2025-09-30 23:00:00,0.08775484156114288
2025-10-01 00:00:00,0.08684212575695227
2025-10-01 01:00:00,0.08694644332691581
2025-10-01 02:00:00,0.06512061697841887
2025-10-01 03:00:00,0.0029913438883255594
2025-10-01 08:00:00,-0.1059269139048098
2025-10-01 09:00:00,0.2523698851896796
2025-10-01 10:00:00,0.19039768311899508
2025-10-01 11:00:00,0.219197804893696
2025-10-01 12:00:00,0.10973938064832822
2025-10-01 13:00:00,0.23621343496154878
2025-10-01 14:00:00,0.35443010331317026
2025-10-01 15:00:00,0.19245635606038292
2025-10-01 16:00:00,0.2406906940582374
2025-10-01 17:00:00,0.07643044484194661
2025-10-01 18:00:00,-0.044290196244070046
2025-10-01 19:00:00,0.0559938666672295
2025-10-01 20:00:00,0.05579088171649005
2025-10-01 21:00:00,0.0738733516318959
2025-10-01 22:00:00,0.06853680969963705
2025-10-01 23:00:00,0.08245178163600286
2025-10-02 08:00:00,-0.13077082009907315
2025-10-02 09:00:00,0.14747025132744085
2025-10-02 10:00:00,0.1631911522796088
2025-10-02 11:00:00,0.22476512536053406
2025-10-02 12:00:00,0.32306789733474517
2025-10-02 13:00:00,0.18555762738623116
2025-10-02 14:00:00,0.14600854810633024
2025-10-02 15:00:00,0.3285014653307172
2025-10-02 16:00:00,0.18861013974699148
2025-10-02 17:00:00,0.01580819636374997
2025-10-02 18:00:00,0.01587922241784412
2025-10-02 19:00:00,0.0513398632895985
2025-10-02 20:00:00,0.053152283599978034
2025-10-02 21:00:00,0.05530148408259805
2025-10-02 22:00:00,0.08944011913721539
2025-10-02 23:00:00,0.09442549544246504
2025-10-03 00:00:00,0.07913971288396482
2025-10-03 01:00:00,0.09219501745733538
2025-10-03 02:00:00,0.04030187068213564
2025-10-03 03:00:00,0.026118617335647798
2025-10-03 04:00:00,0.07379344204382221
2025-10-03 05:00:00,0.06624603240645399
2025-10-03 06:00:00,0.01998393166656598
2025-10-03 08:00:00,-0.094063962776886
2025-10-03 09:00:00,0.6841936130165536
2025-10-03 10:00:00,0.49677779537557143
2025-10-03 11:00:00,0.2618632670752845
2025-10-03 12:00:00,0.24217664648469395
2025-10-03 13:00:00,0.21565759146548658
2025-10-03 14:00:00,0.11905663631029029
2025-10-03 15:00:00,0.30692557970574086
2025-10-03 16:00:00,0.25722117828198066
2025-10-03 17:00:00,0.11805577082809293
2025-10-03 18:00:00,0.05571442149042127
2025-10-03 19:00:00,0.08205919693786967
2025-10-03 20:00:00,0.08646585748701341
2025-10-03 21:00:00,0.12710082529865474
2025-10-03 22:00:00,0.11923126516931148
2025-10-03 23:00:00,0.10100885261615389
2025-10-04 00:00:00,0.0659852915427308
2025-10-04 01:00:00,0.15810146489133103
2025-10-04 02:00:00,0.06543359451992359
2025-10-04 03:00:00,0.09711973211134506
2025-10-04 04:00:00,0.06328982479543299
2025-10-04 05:00:00,0.09242587098710686
2025-10-04 06:00:00,0.08013261667863958
2025-10-04 07:00:00,0.15696083871230115
2025-10-04 08:00:00,0.10745827983124201
2025-10-04 09:00:00,0.010016820509761715
2025-10-04 10:00:00,0.285661499532722
2025-10-04 11:00:00,0.6800539404313852
2025-10-04 12:00:00,0.48082863638749984
2025-10-04 13:00:00,0.5977039605478538
2025-10-04 14:00:00,0.26241945573863745
2025-10-04 15:00:00,1.3907400672800705
2025-10-04 16:00:00,0.8143498550431083
2025-10-04 17:00:00,0.13443662343045304
2025-10-04 18:00:00,0.20042372022056654
2025-10-04 19:00:00,0.18723145224283044
2025-10-04 20:00:00,0.1749703765498296
2025-10-04 21:00:00,0.20436413259312047
2025-10-04 22:00:00,0.09576804033306274
2025-10-04 23:00:00,0.2155290663064484
2025-10-05 00:00:00,0.14703693259894024
2025-10-05 01:00:00,0.1670129417874513
2025-10-05 02:00:00,0.13522113164694716
2025-10-05 03:00:00,0.15193557701264027
2025-10-05 04:00:00,0.09581819074023201
2025-10-05 05:00:00,0.34524472023529995
2025-10-05 06:00:00,-0.07691700398687118
2025-10-05 07:00:00,0.15564004153279143
2025-10-05 08:00:00,-0.00361927186625266
2025-10-05 09:00:00,-0.030811317604928945
2025-10-05 10:00:00,-0.28362393448160006
2025-10-05 11:00:00,0.00620800498968066
2025-10-05 12:00:00,0.007004495283450041
2025-10-05 13:00:00,-0.0029290315388408317
2025-10-05 14:00:00,-0.0012488026114603201
2025-10-05 15:00:00,-0.0007011991151983921
2025-10-05 16:00:00,-0.00045650002546082646
2025-10-05 17:00:00,-0.00032449514716859085
2025-10-05 18:00:00,-0.0002288838313724284
2025-10-05 19:00:00,-0.0001683995230088442
2025-10-05 20:00:00,-0.00012523826192989418
2025-10-05 21:00:00,-9.128936133961929e-05
2025-10-05 22:00:00,-6.420450517907739e-05
2025-10-05 23:00:00,-4.679633068960243e-05
2025-10-06 00:00:00,-3.2715032681096545e-05
2025-10-06 01:00:00,-2.377836593936422e-05
2025-10-06 02:00:00,-1.645605649969184e-05
2025-10-06 03:00:00,-1.2047709390117234e-05
2025-10-06 04:00:00,-8.270485622574597e-06
2025-10-06 05:00:00,-5.874123097271422e-06
2025-10-06 06:00:00,-0.00011564376839245938
2025-10-06 07:00:00,-0.03303469336220033
2025-10-06 08:00:00,0.04704734482102069
2025-10-06 09:00:00,0.009287526663129597
2025-10-06 10:00:00,0.011335598935492186
2025-10-06 11:00:00,0.005454208092579904
2025-10-06 12:00:00,0.0065482033611274915
2025-10-06 13:00:00,0.00781395827952025
2025-10-06 14:00:00,0.008438417531280606
2025-10-06 15:00:00,0.008375690852670203
2025-10-06 16:00:00,0.008307076462880758
2025-10-06 17:00:00,-0.03175711150219129
2025-10-06 18:00:00,0.05412011645957193
2025-10-06 19:00:00,-0.00827622472207068
2025-10-06 20:00:00,0.03125322616887871
2025-10-06 21:00:00,0.033623296147460735
2025-10-06 22:00:00,0.03706576394818839
2025-10-06 23:00:00,0.016257174956660236
2025-10-07 00:00:00,0.00043152552657232945
2025-10-07 01:00:00,0.026541201295849248
2025-10-07 02:00:00,0.02579029040035863
2025-10-07 03:00:00,0.02989062153454114
2025-10-07 04:00:00,-0.009114155038858485
2025-10-07 05:00:00,-0.01617290992374265
2025-10-07 06:00:00,-0.0012301795138789373
2025-10-07 07:00:00,0.05793985300396898
2025-10-07 08:00:00,0.0015523862492514695
2025-10-07 09:00:00,-0.13646695889600124
2025-10-07 10:00:00,-0.059905585194439226
2025-10-07 11:00:00,0.03834395669171897
2025-10-07 12:00:00,0.09518918010672195
2025-10-07 13:00:00,0.15752215773927958
2025-10-07 14:00:00,0.08018643041322093
2025-10-07 15:00:00,0.12352109727702754
2025-10-07 16:00:00,0.0456136656529722
2025-10-07 17:00:00,0.01986158984389874
2025-10-07 18:00:00,0.047439498002130875
2025-10-07 19:00:00,0.05392445234958032
2025-10-07 20:00:00,0.07479538232470873
2025-10-07 21:00:00,0.07549672258845064
2025-10-07 22:00:00,0.031204717396050796
2025-10-07 23:00:00,-0.027344838799159277
2025-10-08 00:00:00,0.045788732321707215
2025-10-08 01:00:00,0.0527984620498998
2025-10-08 02:00:00,0.06427311740173991
2025-10-08 03:00:00,0.0586662732165415
2025-10-08 04:00:00,0.07004044588633818
2025-10-08 05:00:00,0.07433666243636239
2025-10-08 06:00:00,0.016940512295530397
2025-10-08 07:00:00,-0.006863590605291847
2025-10-08 08:00:00,-0.11761933751800058
2025-10-08 09:00:00,0.08566445396548161
2025-10-08 10:00:00,0.07419823015220928
2025-10-08 11:00:00,0.14484839928199023
2025-10-08 12:00:00,0.1469098560413009
2025-10-08 13:00:00,0.17961696729448917
2025-10-08 14:00:00,-0.026408882606251183
2025-10-08 16:00:00,-0.023672014004429087
2025-10-08 18:00:00,-0.04832062018139993
2025-10-08 19:00:00,0.026122422781188703
2025-10-08 20:00:00,0.11685136082241243
2025-10-08 21:00:00,0.09526069026490802
2025-10-08 22:00:00,0.12717025605453003
2025-10-08 23:00:00,0.19945314086908184
2025-10-09 00:00:00,0.09914126997880857
2025-10-09 01:00:00,0.15143019218454157
2025-10-09 02:00:00,0.17314625591982846
2025-10-09 03:00:00,0.20000659262773013
2025-10-09 04:00:00,0.11963688411519158
2025-10-09 05:00:00,0.15754568491744791
2025-10-09 06:00:00,0.15369325066879114
2025-10-09 07:00:00,0.17839384083443122
2025-10-09 08:00:00,0.10507355177741928
2025-10-09 09:00:00,0.17486628291176842
2025-10-09 10:00:00,0.26518531290047065
2025-10-09 11:00:00,0.5767996054263094
2025-10-09 12:00:00,0.866094548351942
2025-10-09 13:00:00,0.3820134844612397
2025-10-09 14:00:00,0.21809942452378905
2025-10-09 15:00:00,0.5022022628684297
2025-10-09 16:00:00,0.2614292479631217
2025-10-09 17:00:00,0.2040221751093405
2025-10-09 18:00:00,0.10948991482420922
2025-10-09 19:00:00,-0.029408577402811886
2025-10-09 20:00:00,0.0701614612072099
2025-10-09 21:00:00,0.07818298833689141
2025-10-09 22:00:00,0.02141057101075816
2025-10-09 23:00:00,0.007928441727671043
2025-10-10 00:00:00,0.026777732302861068
2025-10-10 01:00:00,-0.024073131511961776
2025-10-10 02:00:00,-0.1153823031556982
2025-10-10 03:00:00,0.04623052046095921
2025-10-10 04:00:00,0.030064619745719057
2025-10-10 05:00:00,0.024731121435589642
2025-10-10 06:00:00,0.025433202313301706
2025-10-10 07:00:00,0.025317013115870424
2025-10-10 08:00:00,0.025552342308618137
2025-10-10 09:00:00,0.025261103502330684
2025-10-10 10:00:00,0.025643358439779718
2025-10-10 11:00:00,0.025438388891181773
2025-10-10 12:00:00,0.025381827909477295
2025-10-10 13:00:00,0.025311146784652294
2025-10-10 14:00:00,0.025480783432488607
2025-10-10 15:00:00,0.025523192466650357
2025-10-10 16:00:00,0.0252970107481012
2025-10-10 17:00:00,0.025509056103590666
2025-10-10 18:00:00,0.025374760712757904
2025-10-10 19:00:00,0.025438374318959234
2025-10-10 20:00:00,0.025671624208492005
2025-10-10 21:00:00,0.02548078338978854
2025-10-10 22:00:00,0.025544396996021845
2025-10-10 23:00:00,0.02533235164187886
2025-10-11 00:00:00,0.025395965248129926
2025-10-11 01:00:00,0.0252475335002309
2025-10-11 02:00:00,0.02575644235015062
2025-10-11 03:00:00,0.04451800487088775
2025-10-11 04:00:00,0.025423170653972704
2025-10-11 05:00:00,0.0019980148501588246
2025-10-11 06:00:00,-0.07134657547549139
2025-10-11 07:00:00,-0.05923871466400854
2025-10-11 08:00:00,0.0024242366627298395
2025-10-11 09:00:00,0.0027638197626984606
2025-10-11 10:00:00,0.0014729322901203545
2025-10-11 11:00:00,0.0009170452204116941
2025-10-11 12:00:00,0.0006220534046583737
2025-10-11 13:00:00,0.00046738740791951727
2025-10-11 14:00:00,0.0003371526117419421
2025-10-11 15:00:00,0.00024890229367002803
2025-10-11 16:00:00,0.00018006467296061146
2025-10-11 17:00:00,0.0001340846831574538
2025-10-11 18:00:00,9.249407068168125e-05
2025-10-11 19:00:00,6.889462247983147e-05
2025-10-11 20:00:00,4.8929067439473783e-05
2025-10-11 21:00:00,-0.07216534994834944
2025-10-11 22:00:00,-0.014465314031859577
2025-10-11 23:00:00,0.06365968164882929
2025-10-12 00:00:00,0.03344745056358889
2025-10-12 01:00:00,0.0032016106271406386
2025-10-12 02:00:00,0.07381685951580153
2025-10-12 03:00:00,0.017978175446998534
2025-10-12 04:00:00,0.01569744486745961
2025-10-12 05:00:00,0.018569558385411966
2025-10-12 06:00:00,-0.11082159595328989
2025-10-12 07:00:00,-0.0767775674578921
2025-10-12 08:00:00,0.007461017467910835
2025-10-12 09:00:00,-0.019092036001790547
2025-10-12 10:00:00,0.14250640470493892
2025-10-12 11:00:00,-0.026221414619399752
2025-10-12 12:00:00,-0.13088389292967761
2025-10-12 13:00:00,-0.3074512290280822
2025-10-12 14:00:00,0.0669549822358313
2025-10-12 15:00:00,0.02055895358667925
2025-10-12 16:00:00,0.07237972904837875
2025-10-12 17:00:00,0.025195159040713122
2025-10-12 18:00:00,0.01722880108636815
2025-10-12 19:00:00,0.06538201066612004
2025-10-12 20:00:00,0.0742444421421311
2025-10-12 21:00:00,0.01938957796086882
2025-10-12 22:00:00,0.0434912246109711
2025-10-12 23:00:00,0.04783035366759947
2025-10-13 00:00:00,0.050152940446249517
2025-10-13 01:00:00,0.028736702688441085
2025-10-13 02:00:00,0.03595852548716039
2025-10-13 03:00:00,0.07758416474480967
2025-10-13 04:00:00,0.006475170756349513
2025-10-13 05:00:00,-0.28916337752513144
2025-10-13 06:00:00,-0.5686075193132005
2025-10-13 07:00:00,-0.054593748816298415
2025-10-13 08:00:00,-0.030901636061241078
2025-10-13 09:00:00,0.000540798851041302
2025-10-13 10:00:00,0.9232328255947415
2025-10-13 11:00:00,-0.07383526075560098
2025-10-13 12:00:00,0.10378547771128055
2025-10-13 13:00:00,0.13391626412319013
2025-10-13 14:00:00,0.07214059878409884
2025-10-13 15:00:00,0.4976330512284193
2025-10-13 16:00:00,0.14826283599867907
2025-10-13 17:00:00,0.03071591920497241
2025-10-13 18:00:00,0.10357470361580923
2025-10-13 19:00:00,0.045693593023308665
2025-10-13 20:00:00,0.10450905502571217
2025-10-13 21:00:00,0.07987672164136939
2025-10-13 22:00:00,0.05616895113442055
2025-10-13 23:00:00,0.09226250526688773
2025-10-14 00:00:00,0.06104420565558044
2025-10-14 01:00:00,0.0815931022024401
2025-10-14 02:00:00,0.1013251204036898
2025-10-14 03:00:00,0.04782962731884055
2025-10-14 04:00:00,0.08767090102952935
2025-10-14 05:00:00,0.05458961758121106
2025-10-14 06:00:00,0.04299540707627969
2025-10-14 07:00:00,0.07721284147364926
2025-10-14 08:00:00,0.062077045675589915
2025-10-14 09:00:00,-0.2503886670828379
2025-10-14 10:00:00,-0.010858326052190392
2025-10-14 11:00:00,0.23589077616592036
2025-10-14 12:00:00,0.18715018474859946
2025-10-14 13:00:00,-0.9072384136098499
2025-10-14 14:00:00,0.1109728387975295
2025-10-14 15:00:00,-0.04082642772867118
2025-10-14 16:00:00,-0.010507878317749686
2025-10-14 17:00:00,0.057162390773939364
2025-10-14 18:00:00,0.008784381921021378
2025-10-14 19:00:00,0.03496761815950933
2025-10-14 20:00:00,0.04110287692051173
2025-10-14 21:00:00,0.013683425114969339
2025-10-14 22:00:00,0.04309327893437853
2025-10-14 23:00:00,0.05830661666285053
2025-10-15 00:00:00,0.04050777961026952
2025-10-15 01:00:00,0.04431633709964089
2025-10-15 02:00:00,0.04820183456795135
2025-10-15 03:00:00,0.05568816839556945
2025-10-15 04:00:00,0.03046125635675878
2025-10-15 05:00:00,-0.002857833686338296
2025-10-15 06:00:00,0.02090414335155799
2025-10-15 07:00:00,0.06467653503661097
2025-10-15 08:00:00,-0.010819918739219503
2025-10-15 09:00:00,-0.5410108002319092
2025-10-15 10:00:00,0.18556899562467777
2025-10-15 11:00:00,0.001127768395001283
2025-10-15 12:00:00,0.10993310134170997
2025-10-15 13:00:00,0.07706690814968908
2025-10-15 14:00:00,0.10663867884982992
2025-10-15 15:00:00,0.011064591758032094
2025-10-15 16:00:00,0.13377983581461805
2025-10-15 17:00:00,0.06533108775298047
2025-10-15 18:00:00,0.07341887842211037
2025-10-15 19:00:00,0.07054769059937982
2025-10-15 20:00:00,0.057834126778860906
2025-10-15 21:00:00,0.07564126833032958
2025-10-15 22:00:00,0.08740935498189017
2025-10-15 23:00:00,0.06076052581274993
2025-10-16 00:00:00,0.026421852649548327
2025-10-16 01:00:00,0.0687397507289198
2025-10-16 02:00:00,0.022111423922360984
2025-10-16 03:00:00,0.047117316779051066
2025-10-16 04:00:00,0.05858530338013068
2025-10-16 05:00:00,0.025303342371099546
2025-10-16 06:00:00,0.0668833045566899
2025-10-16 07:00:00,0.0596913186355188
2025-10-16 08:00:00,0.07784500588214982
2025-10-16 09:00:00,0.0037939611230015657
2025-10-16 10:00:00,0.12102403298320752
2025-10-16 11:00:00,-0.01265078743850978
2025-10-16 12:00:00,0.13263552901235087
2025-10-16 13:00:00,0.13984681477680994
2025-10-16 14:00:00,0.03530841263262019
2025-10-16 15:00:00,0.03623439122198846
2025-10-16 16:00:00,0.042705662294050484
2025-10-16 17:00:00,0.018900997581880574
2025-10-16 18:00:00,0.02314809675970153
2025-10-16 19:00:00,0.01649868848880942
2025-10-16 20:00:00,0.05566038474333013
2025-10-16 21:00:00,0.023058884403639013
2025-10-16 22:00:00,0.04730887217534985
2025-10-16 23:00:00,0.03861565476942985
2025-10-17 00:00:00,0.0038901608039694224
2025-10-17 01:00:00,-0.2095085368202092
2025-10-17 02:00:00,0.0691361136259303
2025-10-17 03:00:00,0.020390852530670855
2025-10-17 05:00:00,-0.0015273915221492018
2025-10-17 06:00:00,0.023224906062598194
2025-10-17 07:00:00,0.01672856467055084
2025-10-17 08:00:00,0.089584319541121
2025-10-17 09:00:00,-0.014756520969161357
2025-10-17 10:00:00,0.16411673279300842
2025-10-17 11:00:00,0.01067228826364186
2025-10-17 12:00:00,-0.053665341311980086
2025-10-17 13:00:00,0.20754089030209855
2025-10-17 14:00:00,0.8297667973172409
2025-10-17 15:00:00,0.74351866305987
2025-10-17 16:00:00,0.06445526400666957
2025-10-17 17:00:00,0.09173558219683997
2025-10-17 18:00:00,0.05973207977282158
2025-10-17 19:00:00,0.045796867417598364
2025-10-17 20:00:00,0.1521818215417401
2025-10-17 21:00:00,0.0716624379556805
2025-10-17 22:00:00,0.054752977454000984
2025-10-17 23:00:00,0.0810028579526687
2025-10-18 00:00:00,0.0765510849847697
2025-10-18 01:00:00,0.0540742739969815
2025-10-18 02:00:00,0.041681019152109755
2025-10-18 03:00:00,0.035224335478009294
2025-10-18 04:00:00,-0.006135843370030258
2025-10-18 05:00:00,0.030713831018299942
2025-10-18 06:00:00,0.04386195454206998
2025-10-18 07:00:00,0.022938250933830062
2025-10-18 08:00:00,0.04923089324233132
2025-10-18 09:00:00,0.022012394350049647
2025-10-18 10:00:00,0.03740259699299031
2025-10-18 11:00:00,0.02376726622493841
2025-10-18 12:00:00,0.08867788970430013
2025-10-18 13:00:00,0.018507246544521294
2025-10-18 14:00:00,0.0034022804568287768
2025-10-18 15:00:00,0.024318191805400957
2025-10-18 16:00:00,0.11188418176669934
2025-10-18 17:00:00,0.05570024207094093
2025-10-18 18:00:00,0.07857966822737872
2025-10-18 19:00:00,0.055687254972390576
2025-10-18 20:00:00,0.03132668956557971
2025-10-18 21:00:00,0.04945335371612991
2025-10-18 22:00:00,0.0470402281575506
2025-10-18 23:00:00,0.06542618374514042
2025-10-19 00:00:00,0.02487600178933036
2025-10-19 01:00:00,0.045206383212589074
2025-10-19 02:00:00,0.02817733889921925
2025-10-19 03:00:00,0.034089539617029985
2025-10-19 04:00:00,0.002182210918091343
2025-10-19 05:00:00,0.03163299099373873
2025-10-19 06:00:00,0.014714657387600028
2025-10-19 07:00:00,0.06672383897216072
2025-10-19 08:00:00,0.07970701655504087
2025-10-19 09:00:00,0.14044291774330908
2025-10-19 10:00:00,0.03514456215119033
2025-10-19 11:00:00,0.09846831663626965
2025-10-19 12:00:00,0.12223303504704042
2025-10-19 13:00:00,0.07904775736041003
2025-10-19 14:00:00,0.06363789928981944
2025-10-19 15:00:00,0.11969336643326933
2025-10-19 16:00:00,0.04437331465304162
2025-10-19 17:00:00,-0.023897517896489973
2025-10-19 18:00:00,-0.15499515558128074
2025-10-19 19:00:00,-0.030550895209399798
2025-10-19 20:00:00,-0.019259667964250937
2025-10-19 21:00:00,-0.03438899080259006
2025-10-19 22:00:00,-0.10124950373387875
2025-10-19 23:00:00,-0.017725175454479825
2025-10-20 00:00:00,-0.047953853760180465
2025-10-20 01:00:00,-0.06176481113875987
2025-10-20 02:00:00,-0.050342937822200895
2025-10-20 03:00:00,0.016597651695461124
2025-10-20 04:00:00,0.013048975281400033
2025-10-20 05:00:00,0.015068657297700128
2025-10-20 06:00:00,0.02296977456343896
2025-10-20 07:00:00,-0.06323091952183013
2025-10-20 08:00:00,0.005862115374810628
2025-10-20 09:00:00,0.015664018501560406
2025-10-20 10:00:00,0.01288687787901921
2025-10-20 11:00:00,0.011413780770650916
2025-10-20 12:00:00,0.011368438338680065
2025-10-20 13:00:00,0.011090433583540005
2025-10-20 14:00:00,0.011475471929179193
2025-10-20 15:00:00,0.011243955533830174
2025-10-20 16:00:00,0.011283054088860212
2025-10-20 17:00:00,0.011241453747478758
2025-10-20 18:00:00,0.011385931006611116
2025-10-20 19:00:00,-0.04600485525462972
2025-10-20 20:00:00,-0.007302890123851213
2025-10-20 21:00:00,0.06317807835458034
2025-10-20 22:00:00,0.05744570994735021
2025-10-20 23:00:00,0.01455479846259955
2025-10-21 00:00:00,-0.0009417349594791347
2025-10-21 01:00:00,0.043191044750988894
2025-10-21 02:00:00,0.010881377496311018
2025-10-21 03:00:00,0.06618295149501918
2025-10-21 04:00:00,0.05333903076506985
2025-10-21 05:00:00,0.010483148703750444
2025-10-21 06:00:00,0.03082905888128984
2025-10-21 07:00:00,-0.0019423958284399134
2025-10-21 08:00:00,0.030615317554490318
2025-10-21 09:00:00,0.05696119659516086
2025-10-21 10:00:00,0.2721024717063685
2025-10-21 11:00:00,0.02173796887157131
2025-10-21 12:00:00,0.04920798408031857
2025-10-21 13:00:00,0.06400498863216164
2025-10-21 14:00:00,0.04963772122659904
2025-10-21 15:00:00,0.021949434829270587
2025-10-21 16:00:00,0.02664812159028962
2025-10-21 17:00:00,-0.05049632590026043
2025-10-21 18:00:00,-0.1915340094810496
2025-10-21 19:00:00,0.06494022232942065
2025-10-21 20:00:00,0.03415957772524969
2025-10-21 21:00:00,0.032303064409699545
2025-10-21 22:00:00,0.03309344661547087
2025-10-21 23:00:00,0.033473844828499466
2025-10-22 00:00:00,0.03283429238454971
2025-10-22 01:00:00,0.03342424467225946
2025-10-22 02:00:00,0.03285378581303
2025-10-22 03:00:00,0.03330458074206
2025-10-22 04:00:00,0.03304697836525072
2025-10-22 05:00:00,0.03308377899447912
2025-10-22 06:00:00,0.03336898395360066
2025-10-22 07:00:00,0.03314818009300957
2025-10-22 08:00:00,0.03312977977122067
2025-10-22 09:00:00,0.03252256914495
2025-10-22 10:00:00,0.033129779771149614
2025-10-22 11:00:00,0.03318498073716114
2025-10-22 12:00:00,0.03324018170317977
2025-10-22 13:00:00,0.032954976712089135
2025-10-22 14:00:00,0.033690989592310316
2025-10-22 15:00:00,0.03299177735610925
2025-10-22 16:00:00,0.03299177735611103
2025-10-22 17:00:00,0.03331378299118981
2025-10-22 18:00:00,0.03289057558508013
2025-10-22 19:00:00,0.033074578805120325
2025-10-22 20:00:00,0.032899775746079385
2025-10-22 21:00:00,0.0331941808981604
2025-10-22 22:00:00,0.03336898395721022
2025-10-22 23:00:00,0.03335058363521881
2025-10-23 00:00:00,0.03296417687309017
2025-10-23 01:00:00,0.033037778161119746
2025-10-23 02:00:00,0.03290897590706976
2025-10-23 03:00:00,0.03336898395722088
2025-10-23 04:00:00,0.043163876190970285
2025-10-23 05:00:00,0.029931590347340276
2025-10-23 06:00:00,0.006272404575719648
2025-10-23 07:00:00,0.03530074926050908
2025-10-23 08:00:00,0.08505973939149136
2025-10-23 09:00:00,-0.05859637021027986
2025-10-23 10:00:00,0.030503607819918344
2025-10-23 11:00:00,0.07210140188101022
2025-10-23 12:00:00,0.00998417288625042
2025-10-23 13:00:00,0.03000583592049111
2025-10-23 14:00:00,-0.009267004264380319
2025-10-23 15:00:00,0.06801466949100998
2025-10-23 16:00:00,-0.006412042302089915
2025-10-23 17:00:00,-0.061561158413070416
2025-10-23 18:00:00,0.022844003152190595
2025-10-23 19:00:00,0.0416733587762792
2025-10-23 20:00:00,0.06135900560297003
2025-10-23 21:00:00,0.024459842453570246
2025-10-23 22:00:00,0.030035092913939465
2025-10-23 23:00:00,0.021199687922219823
2025-10-24 00:00:00,0.06198895291021067
2025-10-24 01:00:00,0.04247998993299973
2025-10-24 02:00:00,0.043733981611129735
2025-10-24 03:00:00,0.04786000460219064
2025-10-24 04:00:00,0.026960746546329517
2025-10-24 05:00:00,0.06967513850126927
2025-10-24 06:00:00,0.026605033839931735
2025-10-24 07:00:00,0.052649943169539526
2025-10-24 08:00:00,0.05769613256899042
2025-10-24 09:00:00,0.0912257956576994
2025-10-24 10:00:00,-0.03081702426437971
2025-10-24 11:00:00,0.024373785955798866
2025-10-24 12:00:00,0.06868406005350103
2025-10-24 13:00:00,-0.021606040898319634
2025-10-24 14:00:00,-0.06867365594545127
2025-10-24 15:00:00,0.001261873016231263
2025-10-24 16:00:00,0.011824187255989216
2025-10-24 17:00:00,-0.026541497916520385
2025-10-24 18:00:00,-0.009466835788499495
2025-10-24 19:00:00,-0.030580174024919415
2025-10-24 20:00:00,0.1432887145808195
2025-10-24 21:00:00,0.021977643445151074
2025-10-24 22:00:00,-0.012895388260620422
2025-10-24 23:00:00,-0.018880027686011047
2025-10-25 00:00:00,-0.006047418721889741
2025-10-25 01:00:00,-0.006265228681730406
2025-10-25 02:00:00,0.04455613054229346
2025-10-25 03:00:00,-0.027316096655413347
2025-10-25 04:00:00,0.053348463394531365
2025-10-25 05:00:00,-0.12529841009321174
2025-10-25 06:00:00,0.15311851425358292
2025-10-25 07:00:00,0.004390829681268471
2025-10-25 08:00:00,0.2267260193439622
2025-10-25 09:00:00,-0.13989702284473005
2025-10-25 10:00:00,0.06616552234571316
2025-10-25 11:00:00,0.048436066439041525
2025-10-25 12:00:00,0.04660076732960583
2025-10-25 13:00:00,0.04696749025300839
2025-10-25 14:00:00,0.0469548213891553
2025-10-25 15:00:00,0.04768636106033597
2025-10-25 16:00:00,0.04656440517103633
2025-10-25 17:00:00,0.04742548504272648
2025-10-25 18:00:00,0.04655134412423223
2025-10-25 19:00:00,0.04691665729546379
2025-10-25 20:00:00,0.04736025193945892
2025-10-25 21:00:00,0.04651220335177442
2025-10-25 22:00:00,0.04746462715104194
2025-10-25 23:00:00,0.046577437858502435
2025-10-26 00:00:00,0.04703407940613502
2025-10-26 01:00:00,0.04660353166122455
2025-10-26 02:00:00,0.04739939264424109
2025-10-26 03:00:00,0.1282192990432538
2025-10-26 04:00:00,-0.01244398595720142
2025-10-26 05:00:00,0.009221501473833271
2025-10-26 06:00:00,0.01717394737910638
2025-10-26 07:00:00,0.038758004891167985
2025-10-26 08:00:00,0.11146777897942073
2025-10-26 09:00:00,0.023925458802278143
2025-10-26 10:00:00,0.1749533276045181
2025-10-26 11:00:00,0.10963258751236538
2025-10-26 12:00:00,-0.07522439556544036
2025-10-26 13:00:00,0.17198341198386125
2025-10-26 14:00:00,0.10249525854861474
2025-10-26 15:00:00,0.0395845880983412
2025-10-26 16:00:00,0.06454003183803003
2025-10-26 17:00:00,-0.061376577742644045
2025-10-26 18:00:00,0.05709548200382386
2025-10-26 19:00:00,0.045507331642088644
2025-10-26 20:00:00,0.056913240664441034
2025-10-26 21:00:00,0.04470624323648931
2025-10-26 22:00:00,0.06228023656554971
2025-10-26 23:00:00,0.023064309865777233
2025-10-27 00:00:00,0.07900810366720545
2025-10-27 01:00:00,0.03354800965507376
2025-10-27 02:00:00,0.10670546446222051
2025-10-27 03:00:00,0.05566945962913383
2025-10-27 04:00:00,0.04787815305641363
2025-10-27 05:00:00,-0.0009889317288367394
2025-10-27 06:00:00,0.05813237534495297
2025-10-27 07:00:00,0.06289064426630642
2025-10-27 08:00:00,0.008382061913883021
2025-10-27 09:00:00,-1.055632331910644
2025-10-27 10:00:00,0.1610883838814594
2025-10-27 11:00:00,0.0418865748234758
2025-10-27 12:00:00,0.046677539319661676
2025-10-27 13:00:00,0.2571092686846388
2025-10-27 14:00:00,0.08487657059646736
2025-10-27 15:00:00,0.11126576642418051
2025-10-27 16:00:00,0.09669971081702311
2025-10-27 17:00:00,-0.024845542587828895
2025-10-27 18:00:00,-0.09574745900362025
2025-10-27 19:00:00,0.10622669494375003
2025-10-27 20:00:00,0.07635135420619843
2025-10-27 21:00:00,0.0770821869183802
2025-10-27 22:00:00,0.07813101350545448
2025-10-27 23:00:00,0.07830673264637067
2025-10-28 00:00:00,0.07759530240052648
2025-10-28 01:00:00,0.07720733158657822
2025-10-28 02:00:00,0.07703489735403846
2025-10-28 03:00:00,0.07843592375380481
2025-10-28 04:00:00,0.07759530791789704
2025-10-28 05:00:00,0.0777030791788853
2025-10-28 06:00:00,0.0769917888563123
2025-10-28 07:00:00,0.0778324046920913
2025-10-28 08:00:00,0.0776599706744916
2025-10-28 09:00:00,0.07781085043988512
2025-10-28 10:00:00,0.06740014662756977
2025-10-28 11:00:00,0.014931775555172777
2025-10-28 12:00:00,1.0701147354704483
2025-10-28 13:00:00,-0.3948889980653876
2025-10-28 14:00:00,0.09251699387046841
2025-10-28 15:00:00,0.08640471714801556
2025-10-28 16:00:00,0.031895212868218614
2025-10-28 17:00:00,0.0030665909748632814
2025-10-28 18:00:00,0.02677643155533893
2025-10-28 19:00:00,0.03446753463857544
2025-10-28 20:00:00,0.024717066754206485
2025-10-28 21:00:00,0.002941857945136128
2025-10-28 22:00:00,0.02098719488243095
2025-10-28 23:00:00,0.030419643170501942
2025-10-29 00:00:00,0.03765795146673856
2025-10-29 01:00:00,0.026738801863454675
2025-10-29 02:00:00,-0.07068789292779254
2025-10-29 03:00:00,-0.12053541802328382
2025-10-29 04:00:00,0.05009764563022401
2025-10-29 05:00:00,0.027655631469047037
2025-10-29 06:00:00,0.024548990269845916
2025-10-29 07:00:00,0.024840465292895075
2025-10-29 08:00:00,0.025122134145021846
2025-10-29 09:00:00,0.024962327341593316
2025-10-29 10:00:00,0.024753422228499744
2025-10-29 11:00:00,-0.032479259967508334
2025-10-29 12:00:00,0.054607909951081446
2025-10-29 13:00:00,0.09030143678610081
2025-10-29 14:00:00,-0.012904954289946424
2025-10-29 15:00:00,0.03417195997996458
2025-10-29 16:00:00,0.003398901543380184
2025-10-29 17:00:00,0.051303057394953555
2025-10-29 18:00:00,0.022845067832781396
2025-10-29 19:00:00,0.03909147112133393
2025-10-29 20:00:00,0.007908042955533823
2025-10-29 21:00:00,0.07305308286218182
2025-10-29 22:00:00,-0.049878055439875446
2025-10-29 23:00:00,-0.31416209170760734
2025-10-30 00:00:00,0.08070075695406409
2025-10-30 01:00:00,0.03143834030625925
2025-10-30 02:00:00,0.029911716672739175
2025-10-30 03:00:00,0.030650124472446194
2025-10-30 04:00:00,0.03096792467163656
2025-10-30 05:00:00,0.03042493287865966
2025-10-30 06:00:00,0.030512465234318498
2025-10-30 07:00:00,0.030929787903971828
2025-10-30 08:00:00,0.024773049396183744
2025-10-30 09:00:00,0.009253766529675467
2025-10-30 10:00:00,0.03426128960139074
2025-10-30 11:00:00,0.056784203993246685
2025-10-30 12:00:00,0.031267582930251336
2025-10-30 13:00:00,0.017051816367515293
2025-10-30 14:00:00,0.04642448381443298
2025-10-30 15:00:00,0.020673719014810743
2025-10-30 16:00:00,-0.00607203530835676
2025-10-30 17:00:00,0.025459428453808997
2025-10-30 18:00:00,-0.007536996896976511
2025-10-30 19:00:00,0.020190794993774297
2025-10-30 20:00:00,0.034263818747061414
2025-10-30 21:00:00,0.01520413416491273
